description,price,rating,review_count,url
"14.1'' Laptop Screen Extender, 1080P FHD Portable Monitor for Laptop USB C HDMI, Plug-Play Laptop Monitor Extender for 13'' -17.3'' Laptops, Compatible for Mac/Wins/Android/Switch",179,4.5 out of 5 stars,,https://www.amazon.com/sspa/click?ie=UTF8&spc=MTo4MTAxMDc5MjQ2ODIxMzY1OjE3MjM4MjUzODU6c3BfYXRmX25leHQ6MzAwMTA0OTg0ODE3MTAyOjowOjo&url=%2FMacsecor-Extender-Portable-Plug-Play-Compatible%2Fdp%2FB0CGCZG6VB%2Fref%3Dsr_1_17_sspa%3Fdib%3DeyJ2IjoiMSJ9.zcgkTj9W2sSVOXRcZONBFu7bwepzrG3mJHLRBwn5SQ4EW1uOeTBqg9essyB83S-b8ImXYFlc8Cqxt9RlaX3sU_te1p59OPZpvITaOQZA2GTCtrocZlusfBGALnMtfmP92Az8R4GQu0UcGR_wZOZmQRRX0sAvnAIkqQv_GnFpTc8O5DRAHtxZVlv2Nt47j2iClnBp9W9vJQwVe3VHT-IaozXDw97i-PwdDvPV3r-veHA.PItrEas7RuoWhKmQ8k013XWLwZD4ogOABlreYXgmKSg%26dib_tag%3Dse%26keywords%3Ddell%2Blaptop%26qid%3D1723825384%26sr%3D8-17-spons%26sp_csd%3Dd2lkZ2V0TmFtZT1zcF9hdGZfbmV4dA%26psc%3D1
"13-14 Inch Laptop Case Hard Shell, Protective Laptop Carrying Case with Stand for Heat Dissipation",37,4.5 out of 5 stars,,https://www.amazon.com/sspa/click?ie=UTF8&spc=MTo4MTAxMDc5MjQ2ODIxMzY1OjE3MjM4MjUzODU6c3BfYXRmX25leHQ6MzAwMjYwNzUzNTE5NDAyOjowOjo&url=%2FBUG-Laptop-Carrying-Protective-Shoulder%2Fdp%2FB0CJTLRTBL%2Fref%3Dsr_1_18_sspa%3Fdib%3DeyJ2IjoiMSJ9.zcgkTj9W2sSVOXRcZONBFu7bwepzrG3mJHLRBwn5SQ4EW1uOeTBqg9essyB83S-b8ImXYFlc8Cqxt9RlaX3sU_te1p59OPZpvITaOQZA2GTCtrocZlusfBGALnMtfmP92Az8R4GQu0UcGR_wZOZmQRRX0sAvnAIkqQv_GnFpTc8O5DRAHtxZVlv2Nt47j2iClnBp9W9vJQwVe3VHT-IaozXDw97i-PwdDvPV3r-veHA.PItrEas7RuoWhKmQ8k013XWLwZD4ogOABlreYXgmKSg%26dib_tag%3Dse%26keywords%3Ddell%2Blaptop%26qid%3D1723825384%26sr%3D8-18-spons%26sp_csd%3Dd2lkZ2V0TmFtZT1zcF9hdGZfbmV4dA%26psc%3D1
"Dell Latitude 5320 2in1 Gen2 Touchscreen Laptop i7, 13.3in FHD(1920x1080) i7 Laptop Comnputer 5320 with Backlit Keyboard, Quad Core i7-11th Gen 4.8GHz, 32GB RAM, 512GB SSD, Win10 pro(Renewed)",429,4.7 out of 5 stars,,https://www.amazon.com/Dell-Latitude-Touchscreen-1920x1080-Comnputer/dp/B0D4D82CD4/ref=sr_1_19?dib=eyJ2IjoiMSJ9.zcgkTj9W2sSVOXRcZONBFu7bwepzrG3mJHLRBwn5SQ4EW1uOeTBqg9essyB83S-b8ImXYFlc8Cqxt9RlaX3sU_te1p59OPZpvITaOQZA2GTCtrocZlusfBGALnMtfmP92Az8R4GQu0UcGR_wZOZmQRRX0sAvnAIkqQv_GnFpTc8O5DRAHtxZVlv2Nt47j2iClnBp9W9vJQwVe3VHT-IaozXDw97i-PwdDvPV3r-veHA.PItrEas7RuoWhKmQ8k013XWLwZD4ogOABlreYXgmKSg&dib_tag=se&keywords=dell+laptop&qid=1723825384&sr=8-19
"Inspiron 15 15.6"" Laptop (FHD Touchscreen, AMD Ryzen 5 7530U, 16GB RAM, 512GB PCIe SSD, (6-Core Beat i7-1165G7)) Numeric Keypad, Webcam, 2023 Inspiron 3000 3535, Win 11 Home, Carbon Black",495,4.0 out of 5 stars,,https://www.amazon.com/Dell-Inspiron-Touchscreen-i7-1165G7-3535/dp/B0CL4S2JDG/ref=sr_1_21?dib=eyJ2IjoiMSJ9.zcgkTj9W2sSVOXRcZONBFu7bwepzrG3mJHLRBwn5SQ4EW1uOeTBqg9essyB83S-b8ImXYFlc8Cqxt9RlaX3sU_te1p59OPZpvITaOQZA2GTCtrocZlusfBGALnMtfmP92Az8R4GQu0UcGR_wZOZmQRRX0sAvnAIkqQv_GnFpTc8O5DRAHtxZVlv2Nt47j2iClnBp9W9vJQwVe3VHT-IaozXDw97i-PwdDvPV3r-veHA.PItrEas7RuoWhKmQ8k013XWLwZD4ogOABlreYXgmKSg&dib_tag=se&keywords=dell+laptop&qid=1723825384&sr=8-21
"Latitude 7430 7000 Business Laptop (14"" FHD, Intel 10-Core i5-1245U (Beat i7-1255U), 16GB RAM, 1TB SSD) Backlit Keyboard, Thunderbolt 4, 3-Year Warranty, Wi-Fi 6E, Webcam, Win 11 Pro, Black",844,,,https://www.amazon.com/Dell-Latitude-7420-Business-i5-1145G7/dp/B0C5D2QMW9/ref=sr_1_26?dib=eyJ2IjoiMSJ9.zcgkTj9W2sSVOXRcZONBFu7bwepzrG3mJHLRBwn5SQ4EW1uOeTBqg9essyB83S-b8ImXYFlc8Cqxt9RlaX3sU_te1p59OPZpvITaOQZA2GTCtrocZlusfBGALnMtfmP92Az8R4GQu0UcGR_wZOZmQRRX0sAvnAIkqQv_GnFpTc8O5DRAHtxZVlv2Nt47j2iClnBp9W9vJQwVe3VHT-IaozXDw97i-PwdDvPV3r-veHA.PItrEas7RuoWhKmQ8k013XWLwZD4ogOABlreYXgmKSg&dib_tag=se&keywords=dell+laptop&qid=1723825384&sr=8-26
"WD15 USB C Docking Station Dual Monitor is Compatible with Dell/MacBook/HP/Surface,Docking Station with Control Button, HDMI,Mini DP,VGA, 1GB Ethernet, 3 USB 3.0,2 USB 2.0,Audio,Speaker Out.",99,2.9 out of 5 stars,,https://www.amazon.com/sspa/click?ie=UTF8&spc=MTo4MTAxMDc5MjQ2ODIxMzY1OjE3MjM4MjUzODU6c3BfbXRmOjMwMDA5MjYwOTMwNzMwMjo6MDo6&url=%2FDocking-Station-Monitor-Compatible-Ethernet%2Fdp%2FB0CMT47N3B%2Fref%3Dsr_1_27_sspa%3Fdib%3DeyJ2IjoiMSJ9.zcgkTj9W2sSVOXRcZONBFu7bwepzrG3mJHLRBwn5SQ4EW1uOeTBqg9essyB83S-b8ImXYFlc8Cqxt9RlaX3sU_te1p59OPZpvITaOQZA2GTCtrocZlusfBGALnMtfmP92Az8R4GQu0UcGR_wZOZmQRRX0sAvnAIkqQv_GnFpTc8O5DRAHtxZVlv2Nt47j2iClnBp9W9vJQwVe3VHT-IaozXDw97i-PwdDvPV3r-veHA.PItrEas7RuoWhKmQ8k013XWLwZD4ogOABlreYXgmKSg%26dib_tag%3Dse%26keywords%3Ddell%2Blaptop%26qid%3D1723825384%26sr%3D8-27-spons%26sp_csd%3Dd2lkZ2V0TmFtZT1zcF9tdGY%26psc%3D1
"Laptop Docking Station Dual Monitor | 9 in 1 USB C Hub Multiport Adapter with Dual HDMI Ports,1000Mbps LAN, 100W PD, 3 USB, SD Card Reader, USBC Dock for Dell/XPS/Lenovo/Surface/Yoga etc",39,,,https://www.amazon.com/sspa/click?ie=UTF8&spc=MTo4MTAxMDc5MjQ2ODIxMzY1OjE3MjM4MjUzODU6c3BfbXRmOjMwMDM1MjcwMjU1NDQwMjo6MDo6&url=%2FUANTIN-Docking-Station-Multiport-1000Mbps%2Fdp%2FB0D92J3TYR%2Fref%3Dsr_1_28_sspa%3Fdib%3DeyJ2IjoiMSJ9.zcgkTj9W2sSVOXRcZONBFu7bwepzrG3mJHLRBwn5SQ4EW1uOeTBqg9essyB83S-b8ImXYFlc8Cqxt9RlaX3sU_te1p59OPZpvITaOQZA2GTCtrocZlusfBGALnMtfmP92Az8R4GQu0UcGR_wZOZmQRRX0sAvnAIkqQv_GnFpTc8O5DRAHtxZVlv2Nt47j2iClnBp9W9vJQwVe3VHT-IaozXDw97i-PwdDvPV3r-veHA.PItrEas7RuoWhKmQ8k013XWLwZD4ogOABlreYXgmKSg%26dib_tag%3Dse%26keywords%3Ddell%2Blaptop%26qid%3D1723825384%26sr%3D8-28-spons%26sp_csd%3Dd2lkZ2V0TmFtZT1zcF9tdGY%26psc%3D1
Dell Latitude 5480 | 14 inch Business Laptop | Intel i5-6300U | 8GB DDR4 | 256GB SSD | Backlit Keyboard | Win 10 Pro (Renewed),156,4.3 out of 5 stars,,https://www.amazon.com/Dell-Latitude-Business-i5-6300U-Keyboard/dp/B07MBR4F43/ref=sr_1_33?dib=eyJ2IjoiMSJ9.zcgkTj9W2sSVOXRcZONBFu7bwepzrG3mJHLRBwn5SQ4EW1uOeTBqg9essyB83S-b8ImXYFlc8Cqxt9RlaX3sU_te1p59OPZpvITaOQZA2GTCtrocZlusfBGALnMtfmP92Az8R4GQu0UcGR_wZOZmQRRX0sAvnAIkqQv_GnFpTc8O5DRAHtxZVlv2Nt47j2iClnBp9W9vJQwVe3VHT-IaozXDw97i-PwdDvPV3r-veHA.PItrEas7RuoWhKmQ8k013XWLwZD4ogOABlreYXgmKSg&dib_tag=se&keywords=dell+laptop&qid=1723825384&sr=8-33
"330W 240w Laptop Charger for Dell Alienware M18 M16 R2 R1,M17 R4 R5 M18x X16 X17 X51 R1 R2 Area-51m Dell G16 7630 G15 5530 Gaming Laptop 19.5V 16.9A DA330PM190 LA330PM190 Power AC Adapter",59,5.0 out of 5 stars,,https://www.amazon.com/sspa/click?ie=UTF8&spc=MTo4MTAxMDc5MjQ2ODIxMzY1OjE3MjM4MjUzODU6c3BfYnRmOjMwMDM0MTk3Mzk4OTEwMjo6MDo6&url=%2FCharger-Alienware-Area-51m-DA330PM190-LA330PM190%2Fdp%2FB0D445CBMT%2Fref%3Dsr_1_37_sspa%3Fdib%3DeyJ2IjoiMSJ9.zcgkTj9W2sSVOXRcZONBFu7bwepzrG3mJHLRBwn5SQ4EW1uOeTBqg9essyB83S-b8ImXYFlc8Cqxt9RlaX3sU_te1p59OPZpvITaOQZA2GTCtrocZlusfBGALnMtfmP92Az8R4GQu0UcGR_wZOZmQRRX0sAvnAIkqQv_GnFpTc8O5DRAHtxZVlv2Nt47j2iClnBp9W9vJQwVe3VHT-IaozXDw97i-PwdDvPV3r-veHA.PItrEas7RuoWhKmQ8k013XWLwZD4ogOABlreYXgmKSg%26dib_tag%3Dse%26keywords%3Ddell%2Blaptop%26qid%3D1723825384%26sr%3D8-37-spons%26sp_csd%3Dd2lkZ2V0TmFtZT1zcF9idGY%26psc%3D1
"Adjustable Laptop Stand for Desk,Foldable Laptop Stand with Phone Holder,Ergonomic Laptop Riser for MacBook Air Pro, Dell XPS, Acer,Lenovo,HP(10-16'')-Grey",24,4.6 out of 5 stars,,https://www.amazon.com/sspa/click?ie=UTF8&spc=MTo4MTAxMDc5MjQ2ODIxMzY1OjE3MjM4MjUzODU6c3BfYnRmOjMwMDE0NTkyODU5MTEwMjo6MDo6&url=%2FNTMY-Aluminum-Foldable-Adjustable-Pro%2Fdp%2FB0C6Z9MRYR%2Fref%3Dsr_1_38_sspa%3Fdib%3DeyJ2IjoiMSJ9.zcgkTj9W2sSVOXRcZONBFu7bwepzrG3mJHLRBwn5SQ4EW1uOeTBqg9essyB83S-b8ImXYFlc8Cqxt9RlaX3sU_te1p59OPZpvITaOQZA2GTCtrocZlusfBGALnMtfmP92Az8R4GQu0UcGR_wZOZmQRRX0sAvnAIkqQv_GnFpTc8O5DRAHtxZVlv2Nt47j2iClnBp9W9vJQwVe3VHT-IaozXDw97i-PwdDvPV3r-veHA.PItrEas7RuoWhKmQ8k013XWLwZD4ogOABlreYXgmKSg%26dib_tag%3Dse%26keywords%3Ddell%2Blaptop%26qid%3D1723825384%26sr%3D8-38-spons%26sp_csd%3Dd2lkZ2V0TmFtZT1zcF9idGY%26psc%3D1
"DisplayLink Docking Station Triple 4K Monitor with 120W Power Adapter, Laptop Dock for MacBook Pro/Air, Thunderbolt 4/3, USB-C Windows(Single 8K)/Chromebook(3X HDMI, 2X DP, 5X USB-A, USB-C 3.2)",199,4.5 out of 5 stars,,https://www.amazon.com/sspa/click?ie=UTF8&spc=MTo0NDY5OTMzNDAxMDM1NTU3OjE3MjM4MjUzODc6c3BfYXRmX25leHQ6MzAwMDczMTY3NjM2NzAyOjowOjo&url=%2FDisplayLink-Docking-Monitors-4URPC-Ethernet%2Fdp%2FB0CFKMC7H7%2Fref%3Dsr_1_33_sspa%3Fdib%3DeyJ2IjoiMSJ9.d21PSFyPPVS1I0Xbu02JKT4EJNUtb5UdRDSo6BwcGXv2zTjivmDBfbYt-RAimZs4pmpwtzuTcYbQwg3nHKJaNNdTBLkW9Elx0-GBJoKzfiviGGwKWgG1c7yvx8emfbGhyB9Q9g8qgSzuIZfj8S-yuoXSyNDWbeEEVGcHa_AH8gdp9xi4X7A_MC2OATzKLLMxrIwtTNo1CaISX-f_ka5Yz2xihmSOShJdBSkQSnLWA-s.q9uENoU9mgMO0LtnKJ4ZGrU6vqYn7z0uMhlrtMLLYcg%26dib_tag%3Dse%26keywords%3Ddell%2Blaptop%26qid%3D1723825387%26sr%3D8-33-spons%26sp_csd%3Dd2lkZ2V0TmFtZT1zcF9hdGZfbmV4dA%26psc%3D1
"100W USB C Charger Block, 3-Port GaN Type C Charger Laptop Fast Charging Station for MacBook Pro 16'', Dell XPS, iPad Pro, Tablet, Chromebook, iPhone 15/14, Samsung Galaxy S24/S23 Ultra",36,,,https://www.amazon.com/sspa/click?ie=UTF8&spc=MTo0NDY5OTMzNDAxMDM1NTU3OjE3MjM4MjUzODc6c3BfYXRmX25leHQ6MzAwMzU5MzA0MTUyMDAyOjowOjo&url=%2Ftoocki-Charger-Foldable-MacBook-Samsung%2Fdp%2FB0D7H7MQ5F%2Fref%3Dsr_1_34_sspa%3Fdib%3DeyJ2IjoiMSJ9.d21PSFyPPVS1I0Xbu02JKT4EJNUtb5UdRDSo6BwcGXv2zTjivmDBfbYt-RAimZs4pmpwtzuTcYbQwg3nHKJaNNdTBLkW9Elx0-GBJoKzfiviGGwKWgG1c7yvx8emfbGhyB9Q9g8qgSzuIZfj8S-yuoXSyNDWbeEEVGcHa_AH8gdp9xi4X7A_MC2OATzKLLMxrIwtTNo1CaISX-f_ka5Yz2xihmSOShJdBSkQSnLWA-s.q9uENoU9mgMO0LtnKJ4ZGrU6vqYn7z0uMhlrtMLLYcg%26dib_tag%3Dse%26keywords%3Ddell%2Blaptop%26qid%3D1723825387%26sr%3D8-34-spons%26sp_csd%3Dd2lkZ2V0TmFtZT1zcF9hdGZfbmV4dA%26psc%3D1
"Inspiron 15 3520 (2024) Business Laptop (15.6"" FHD Touchscreen IPS, Intel Core i5-1155G7, 16GB RAM, 512GB SSD) Numeric Keypad, Narrow-Bezel, Webcam, Inspiron 3000, Win 11 Home, Carbon Black",498,4.6 out of 5 stars,,https://www.amazon.com/Dell-Inspiron-3520-Touchscreen-Narrow-Bezel/dp/B0CRGVMFS9/ref=sr_1_35?dib=eyJ2IjoiMSJ9.d21PSFyPPVS1I0Xbu02JKT4EJNUtb5UdRDSo6BwcGXv2zTjivmDBfbYt-RAimZs4pmpwtzuTcYbQwg3nHKJaNNdTBLkW9Elx0-GBJoKzfiviGGwKWgG1c7yvx8emfbGhyB9Q9g8qgSzuIZfj8S-yuoXSyNDWbeEEVGcHa_AH8gdp9xi4X7A_MC2OATzKLLMxrIwtTNo1CaISX-f_ka5Yz2xihmSOShJdBSkQSnLWA-s.q9uENoU9mgMO0LtnKJ4ZGrU6vqYn7z0uMhlrtMLLYcg&dib_tag=se&keywords=dell+laptop&qid=1723825387&sr=8-35
"Latitude 3440 Business Laptop (14"" FHD Display, Intel Core i5-1335U, 32GB RAM, 1TB SSD, (Beat i7-1255U)) FHD IR Webcam, Ethernet, Wi-Fi, Long Battery Life, 2024 Latitude 3000, Win 11 Pro, Gray",779,3.4 out of 5 stars,,https://www.amazon.com/Dell-Latitude-Business-i5-1135G7-i7-1065G7/dp/B0C8NCVCL9/ref=sr_1_36?dib=eyJ2IjoiMSJ9.d21PSFyPPVS1I0Xbu02JKT4EJNUtb5UdRDSo6BwcGXv2zTjivmDBfbYt-RAimZs4pmpwtzuTcYbQwg3nHKJaNNdTBLkW9Elx0-GBJoKzfiviGGwKWgG1c7yvx8emfbGhyB9Q9g8qgSzuIZfj8S-yuoXSyNDWbeEEVGcHa_AH8gdp9xi4X7A_MC2OATzKLLMxrIwtTNo1CaISX-f_ka5Yz2xihmSOShJdBSkQSnLWA-s.q9uENoU9mgMO0LtnKJ4ZGrU6vqYn7z0uMhlrtMLLYcg&dib_tag=se&keywords=dell+laptop&qid=1723825387&sr=8-36
"15.6"" Windows 11 Laptop, Intel Core i3-5005U, 16GB RAM, 512GB SSD, FHD IPS Display, 2.4G/5G WiFi, BT5.0, RJ45, Type C, Webcam, Long Battery Life - for Work, Study, and Entertainment",299,4.4 out of 5 stars,,https://www.amazon.com/BiTECOOL-Windows-i3-5005U-Display-Battery/dp/B0C8MYQRGB/ref=sr_1_37?dib=eyJ2IjoiMSJ9.d21PSFyPPVS1I0Xbu02JKT4EJNUtb5UdRDSo6BwcGXv2zTjivmDBfbYt-RAimZs4pmpwtzuTcYbQwg3nHKJaNNdTBLkW9Elx0-GBJoKzfiviGGwKWgG1c7yvx8emfbGhyB9Q9g8qgSzuIZfj8S-yuoXSyNDWbeEEVGcHa_AH8gdp9xi4X7A_MC2OATzKLLMxrIwtTNo1CaISX-f_ka5Yz2xihmSOShJdBSkQSnLWA-s.q9uENoU9mgMO0LtnKJ4ZGrU6vqYn7z0uMhlrtMLLYcg&dib_tag=se&keywords=dell+laptop&qid=1723825387&sr=8-37
130W USB C Type C Adapter Laptop Charger Compatible with Dell XPS 15 2in1 9575 Precision 5530 2in1 5550 5750 3560 3550 3551 Latitude 7410 7310 7210 9410 9510 9575 5420 5520 5510 Power Supply Cord,27,4.0 out of 5 stars,,https://www.amazon.com/Adapter-Charger-Compatible-Precision-Latitude/dp/B09HZ5GTBP/ref=sr_1_39?dib=eyJ2IjoiMSJ9.d21PSFyPPVS1I0Xbu02JKT4EJNUtb5UdRDSo6BwcGXv2zTjivmDBfbYt-RAimZs4pmpwtzuTcYbQwg3nHKJaNNdTBLkW9Elx0-GBJoKzfiviGGwKWgG1c7yvx8emfbGhyB9Q9g8qgSzuIZfj8S-yuoXSyNDWbeEEVGcHa_AH8gdp9xi4X7A_MC2OATzKLLMxrIwtTNo1CaISX-f_ka5Yz2xihmSOShJdBSkQSnLWA-s.q9uENoU9mgMO0LtnKJ4ZGrU6vqYn7z0uMhlrtMLLYcg&dib_tag=se&keywords=dell+laptop&qid=1723825387&sr=8-39
"Inspiron 13 7000 2-in-1 - 13.3"" Touch-Screen Laptop - Intel Core i5 - 8GB Memory - 512GB SSD + 32GB Optane - Silver - i7300-5395SLV-PUS",579,3.5 out of 5 stars,,https://www.amazon.com/Dell-Inspiron-2-Touch-Screen-i7300-5395SLV-PUS/dp/B08DRQ8ZH6/ref=sr_1_40?dib=eyJ2IjoiMSJ9.d21PSFyPPVS1I0Xbu02JKT4EJNUtb5UdRDSo6BwcGXv2zTjivmDBfbYt-RAimZs4pmpwtzuTcYbQwg3nHKJaNNdTBLkW9Elx0-GBJoKzfiviGGwKWgG1c7yvx8emfbGhyB9Q9g8qgSzuIZfj8S-yuoXSyNDWbeEEVGcHa_AH8gdp9xi4X7A_MC2OATzKLLMxrIwtTNo1CaISX-f_ka5Yz2xihmSOShJdBSkQSnLWA-s.q9uENoU9mgMO0LtnKJ4ZGrU6vqYn7z0uMhlrtMLLYcg&dib_tag=se&keywords=dell+laptop&qid=1723825387&sr=8-40
New 180W Laptop Charger fit for Dell G7 7588 7590 7790 G5 5515 5587 5590 Precision 7670 7770 7510 7520 7530 7540 7550 Gaming Laptop Power,45,,,https://www.amazon.com/sspa/click?ie=UTF8&spc=MTo0NDY5OTMzNDAxMDM1NTU3OjE3MjM4MjUzODc6c3BfbXRmOjMwMDMwNjEzOTYzNDYwMjo6MDo6&url=%2FLaptop-Charger-Precision-Gaming-Power%2Fdp%2FB0D5CHMFJQ%2Fref%3Dsr_1_43_sspa%3Fdib%3DeyJ2IjoiMSJ9.d21PSFyPPVS1I0Xbu02JKT4EJNUtb5UdRDSo6BwcGXv2zTjivmDBfbYt-RAimZs4pmpwtzuTcYbQwg3nHKJaNNdTBLkW9Elx0-GBJoKzfiviGGwKWgG1c7yvx8emfbGhyB9Q9g8qgSzuIZfj8S-yuoXSyNDWbeEEVGcHa_AH8gdp9xi4X7A_MC2OATzKLLMxrIwtTNo1CaISX-f_ka5Yz2xihmSOShJdBSkQSnLWA-s.q9uENoU9mgMO0LtnKJ4ZGrU6vqYn7z0uMhlrtMLLYcg%26dib_tag%3Dse%26keywords%3Ddell%2Blaptop%26qid%3D1723825387%26sr%3D8-43-spons%26sp_csd%3Dd2lkZ2V0TmFtZT1zcF9tdGY%26psc%3D1
"Dell WD19S 180W Docking Station (USB, USB-C, DisplayPort, HDMI, Ethernet Ports) Future/Office Ready Bundle. Complete Package with Dell WD19S + DP Cable + Microfiber Cloth + Mouse Pad (Renewed)",139,,,https://www.amazon.com/sspa/click?ie=UTF8&spc=MTo0NDY5OTMzNDAxMDM1NTU3OjE3MjM4MjUzODc6c3BfbXRmOjMwMDE3NjMxMTEwMTgwMjo6MDo6&url=%2FDocking-DisplayPort-Ethernet-Complete-Microfiber%2Fdp%2FB0D2ZPJ2RH%2Fref%3Dsr_1_44_sspa%3Fdib%3DeyJ2IjoiMSJ9.d21PSFyPPVS1I0Xbu02JKT4EJNUtb5UdRDSo6BwcGXv2zTjivmDBfbYt-RAimZs4pmpwtzuTcYbQwg3nHKJaNNdTBLkW9Elx0-GBJoKzfiviGGwKWgG1c7yvx8emfbGhyB9Q9g8qgSzuIZfj8S-yuoXSyNDWbeEEVGcHa_AH8gdp9xi4X7A_MC2OATzKLLMxrIwtTNo1CaISX-f_ka5Yz2xihmSOShJdBSkQSnLWA-s.q9uENoU9mgMO0LtnKJ4ZGrU6vqYn7z0uMhlrtMLLYcg%26dib_tag%3Dse%26keywords%3Ddell%2Blaptop%26qid%3D1723825387%26sr%3D8-44-spons%26sp_csd%3Dd2lkZ2V0TmFtZT1zcF9tdGY%26psc%3D1
"Precision 7780 Mobile Workstation - 17.3"" FHD AG Display - 5.5Ghz Intel Core i9-13950HX 24-Core - 128GB CAMM RAM - NV RTX 5000 Ada (16GB GDDR6) - 2TB SSD - Windows 11 Pro","4,950",,,https://www.amazon.com/Dell-Precision-7750-Mobile-Workstation/dp/B09KCPXPPR/ref=sr_1_47?dib=eyJ2IjoiMSJ9.d21PSFyPPVS1I0Xbu02JKT4EJNUtb5UdRDSo6BwcGXv2zTjivmDBfbYt-RAimZs4pmpwtzuTcYbQwg3nHKJaNNdTBLkW9Elx0-GBJoKzfiviGGwKWgG1c7yvx8emfbGhyB9Q9g8qgSzuIZfj8S-yuoXSyNDWbeEEVGcHa_AH8gdp9xi4X7A_MC2OATzKLLMxrIwtTNo1CaISX-f_ka5Yz2xihmSOShJdBSkQSnLWA-s.q9uENoU9mgMO0LtnKJ4ZGrU6vqYn7z0uMhlrtMLLYcg&dib_tag=se&keywords=dell+laptop&qid=1723825387&sr=8-47
New 180W AC Charger Fit for Dell G7 G5 Precision 7510 7520 7530 7540 7550 Laptop Power Adapter Supply,35,4.2 out of 5 stars,,https://www.amazon.com/sspa/click?ie=UTF8&spc=MTo0NDY5OTMzNDAxMDM1NTU3OjE3MjM4MjUzODc6c3BfYnRmOjMwMDM0ODEyMTEwNDQwMjo6MDo6&url=%2FCharger-Precision-Inspiron-DA180PM111-FA180PM111%2Fdp%2FB087C79PTM%2Fref%3Dsr_1_53_sspa%3Fdib%3DeyJ2IjoiMSJ9.d21PSFyPPVS1I0Xbu02JKT4EJNUtb5UdRDSo6BwcGXv2zTjivmDBfbYt-RAimZs4pmpwtzuTcYbQwg3nHKJaNNdTBLkW9Elx0-GBJoKzfiviGGwKWgG1c7yvx8emfbGhyB9Q9g8qgSzuIZfj8S-yuoXSyNDWbeEEVGcHa_AH8gdp9xi4X7A_MC2OATzKLLMxrIwtTNo1CaISX-f_ka5Yz2xihmSOShJdBSkQSnLWA-s.q9uENoU9mgMO0LtnKJ4ZGrU6vqYn7z0uMhlrtMLLYcg%26dib_tag%3Dse%26keywords%3Ddell%2Blaptop%26qid%3D1723825387%26sr%3D8-53-spons%26sp_csd%3Dd2lkZ2V0TmFtZT1zcF9idGY%26psc%3D1
180W AC Charger Fit for Dell G5 G7 5587 5590 7588 7590 7790 Dell Precision 7510 7520 7530 7540 7550 7560 LA180PM180 DA180PM111 HA180PM180 Laptop Adapter Power Supply,35,,,https://www.amazon.com/sspa/click?ie=UTF8&spc=MTo0NDY5OTMzNDAxMDM1NTU3OjE3MjM4MjUzODc6c3BfYnRmOjMwMDIzNjU5MjkwNjQwMjo6MDo6&url=%2FCharger-Precision-LA180PM180-DA180PM111-HA180PM180%2Fdp%2FB0D453YNVR%2Fref%3Dsr_1_54_sspa%3Fdib%3DeyJ2IjoiMSJ9.d21PSFyPPVS1I0Xbu02JKT4EJNUtb5UdRDSo6BwcGXv2zTjivmDBfbYt-RAimZs4pmpwtzuTcYbQwg3nHKJaNNdTBLkW9Elx0-GBJoKzfiviGGwKWgG1c7yvx8emfbGhyB9Q9g8qgSzuIZfj8S-yuoXSyNDWbeEEVGcHa_AH8gdp9xi4X7A_MC2OATzKLLMxrIwtTNo1CaISX-f_ka5Yz2xihmSOShJdBSkQSnLWA-s.q9uENoU9mgMO0LtnKJ4ZGrU6vqYn7z0uMhlrtMLLYcg%26dib_tag%3Dse%26keywords%3Ddell%2Blaptop%26qid%3D1723825387%26sr%3D8-54-spons%26sp_csd%3Dd2lkZ2V0TmFtZT1zcF9idGY%26psc%3D1
"USB C Docking Station Dual Monitor Dual HDMI 4K@60Hz or Single 8K@30Hz for Dell XPS Lenovo Thinkpad HP Thunderbolt Laptop, 3*USB-A 3.0, 5Gbps 1*USB C, SD4.0, RJ45, Audio, with 130W AC Power Adapter",139,4.0 out of 5 stars,,https://www.amazon.com/sspa/click?ie=UTF8&spc=MTo0NzEyNjM1MjA4MTM5MDM3OjE3MjM4MjUzOTE6c3BfYXRmX25leHQ6MzAwMTM4NzIxMTU3OTAyOjowOjo&url=%2FDocking-Station-Monitor-Thinkpad-Thunderbolt%2Fdp%2FB0CSPPG1QQ%2Fref%3Dsr_1_49_sspa%3Fdib%3DeyJ2IjoiMSJ9.QcYcbtxrxsQU1p1fx2A2BTjRTn0aRSgu9_IYXCyPl1UH6I2PSrzPp12yS_8uCTxmhlfD0yzaNK2LbPhwICITnILjym93p4WhJK0spfFZLPqrwr_XRxHizkd8AkelO33ldIF_tsSujUClUF-785u_7_yaXnoI_CvH9GgYSGJ6s_fUhXCByFPDeqNNBUOvWrpiVttOGMzK4pn-8GG_8TaHBR00gAMg_bAwkZnp7p9c6xA.JQfn9pVU5L_iJM76u-9R86qkjKFfRPO2qC-Ci8cGKyg%26dib_tag%3Dse%26keywords%3Ddell%2Blaptop%26qid%3D1723825390%26sr%3D8-49-spons%26sp_csd%3Dd2lkZ2V0TmFtZT1zcF9hdGZfbmV4dA%26psc%3D1
"USB C Laptop Docking Station Dual Monitor HDMI for Dell/HP/Lenovo Laptop USB C Hub Multiport Adapter Dongle Dock,USB C to 2 HDMI+DisplayPort DP+Ethernet+100W USB C Power Charging Port+5USB+SD/TF",55,4.2 out of 5 stars,,https://www.amazon.com/sspa/click?ie=UTF8&spc=MTo0NzEyNjM1MjA4MTM5MDM3OjE3MjM4MjUzOTE6c3BfYXRmX25leHQ6MjAwMTY2ODExNzg4ODk4OjowOjo&url=%2FDocking-Multiport-DisplayPort-Ethernet-Charging%2Fdp%2FB0BM49XNJ3%2Fref%3Dsr_1_50_sspa%3Fdib%3DeyJ2IjoiMSJ9.QcYcbtxrxsQU1p1fx2A2BTjRTn0aRSgu9_IYXCyPl1UH6I2PSrzPp12yS_8uCTxmhlfD0yzaNK2LbPhwICITnILjym93p4WhJK0spfFZLPqrwr_XRxHizkd8AkelO33ldIF_tsSujUClUF-785u_7_yaXnoI_CvH9GgYSGJ6s_fUhXCByFPDeqNNBUOvWrpiVttOGMzK4pn-8GG_8TaHBR00gAMg_bAwkZnp7p9c6xA.JQfn9pVU5L_iJM76u-9R86qkjKFfRPO2qC-Ci8cGKyg%26dib_tag%3Dse%26keywords%3Ddell%2Blaptop%26qid%3D1723825390%26sr%3D8-50-spons%26sp_csd%3Dd2lkZ2V0TmFtZT1zcF9hdGZfbmV4dA%26psc%3D1
"USB C Docking Station Dual Displayport Monitor Adapter for Dell/HP/Lenovo Laptop, Laptop Docking Station 3 Monitors with HDMI 4K+2 DP+VGA USB-C Hub Quadruple Display, USB C Dock to 100W PD+3USB",39,4.2 out of 5 stars,,https://www.amazon.com/Docking-Displayport-Quadruple-Multiple-Charging/dp/B0CCP5VGLC/ref=sr_1_52?dib=eyJ2IjoiMSJ9.QcYcbtxrxsQU1p1fx2A2BTjRTn0aRSgu9_IYXCyPl1UH6I2PSrzPp12yS_8uCTxmhlfD0yzaNK2LbPhwICITnILjym93p4WhJK0spfFZLPqrwr_XRxHizkd8AkelO33ldIF_tsSujUClUF-785u_7_yaXnoI_CvH9GgYSGJ6s_fUhXCByFPDeqNNBUOvWrpiVttOGMzK4pn-8GG_8TaHBR00gAMg_bAwkZnp7p9c6xA.JQfn9pVU5L_iJM76u-9R86qkjKFfRPO2qC-Ci8cGKyg&dib_tag=se&keywords=dell+laptop&qid=1723825390&sr=8-52
180W AC Charger Fit for Dell G5 G7 5587 5590 7588 7590 7790 LA180PM180 DA180PM111 Laptop Adapter Power Supply,35,4.5 out of 5 stars,,https://www.amazon.com/Charger-Precision-450-AGCU-LA180PM180-DA180PM111/dp/B07Z5SL99K/ref=sr_1_57?dib=eyJ2IjoiMSJ9.QcYcbtxrxsQU1p1fx2A2BTjRTn0aRSgu9_IYXCyPl1UH6I2PSrzPp12yS_8uCTxmhlfD0yzaNK2LbPhwICITnILjym93p4WhJK0spfFZLPqrwr_XRxHizkd8AkelO33ldIF_tsSujUClUF-785u_7_yaXnoI_CvH9GgYSGJ6s_fUhXCByFPDeqNNBUOvWrpiVttOGMzK4pn-8GG_8TaHBR00gAMg_bAwkZnp7p9c6xA.JQfn9pVU5L_iJM76u-9R86qkjKFfRPO2qC-Ci8cGKyg&dib_tag=se&keywords=dell+laptop&qid=1723825390&sr=8-57
"100W USB C Laptop Car Charger for Dell Latitude/Dell XPS, Lenovo Thinkpad/Yoga/IdeaPad, MacBook Pro/Air, HP Spectre/Elitebook, LG Gram, Samsung Acer Asus Chromebook Charger",30,4.7 out of 5 stars,,https://www.amazon.com/sspa/click?ie=UTF8&spc=MTo0NzEyNjM1MjA4MTM5MDM3OjE3MjM4MjUzOTE6c3BfbXRmOjMwMDE2NTA4MjI0OTMwMjo6MDo6&url=%2FCharger-Thinkpad-Mac-Book-Samsung-Chromebook%2Fdp%2FB095K2MXMD%2Fref%3Dsr_1_59_sspa%3Fdib%3DeyJ2IjoiMSJ9.QcYcbtxrxsQU1p1fx2A2BTjRTn0aRSgu9_IYXCyPl1UH6I2PSrzPp12yS_8uCTxmhlfD0yzaNK2LbPhwICITnILjym93p4WhJK0spfFZLPqrwr_XRxHizkd8AkelO33ldIF_tsSujUClUF-785u_7_yaXnoI_CvH9GgYSGJ6s_fUhXCByFPDeqNNBUOvWrpiVttOGMzK4pn-8GG_8TaHBR00gAMg_bAwkZnp7p9c6xA.JQfn9pVU5L_iJM76u-9R86qkjKFfRPO2qC-Ci8cGKyg%26dib_tag%3Dse%26keywords%3Ddell%2Blaptop%26qid%3D1723825390%26sr%3D8-59-spons%26sp_csd%3Dd2lkZ2V0TmFtZT1zcF9tdGY%26psc%3D1
Hard EVA Protective Sleeve Case Compatible for 14 inch DELL Latitude 7455/7400/7410/7420/7430/7440 Laptop/2-in-1 Laptop Notebook Bag (Not Fit with Inspiron 14 Plus 7440!) (X8042),39,4.2 out of 5 stars,,https://www.amazon.com/sspa/click?ie=UTF8&spc=MTo0NzEyNjM1MjA4MTM5MDM3OjE3MjM4MjUzOTE6c3BfbXRmOjMwMDE2ODg2ODM3MjEwMjo6MDo6&url=%2FSmatree-Protective-Compatible-Latitude-Notebook%2Fdp%2FB0CHVKH89N%2Fref%3Dsr_1_60_sspa%3Fdib%3DeyJ2IjoiMSJ9.QcYcbtxrxsQU1p1fx2A2BTjRTn0aRSgu9_IYXCyPl1UH6I2PSrzPp12yS_8uCTxmhlfD0yzaNK2LbPhwICITnILjym93p4WhJK0spfFZLPqrwr_XRxHizkd8AkelO33ldIF_tsSujUClUF-785u_7_yaXnoI_CvH9GgYSGJ6s_fUhXCByFPDeqNNBUOvWrpiVttOGMzK4pn-8GG_8TaHBR00gAMg_bAwkZnp7p9c6xA.JQfn9pVU5L_iJM76u-9R86qkjKFfRPO2qC-Ci8cGKyg%26dib_tag%3Dse%26keywords%3Ddell%2Blaptop%26qid%3D1723825390%26sr%3D8-60-spons%26sp_csd%3Dd2lkZ2V0TmFtZT1zcF9tdGY%26psc%3D1
"XPS 16 9640 16.3"" Touchscreen Notebook - UHD+ - Intel Core Ultra 9 185H - 32 GB - 1 TB SSD - English Keyboard - Platinum","3,317",,,https://www.amazon.com/Dell-Inspiron-Business-Desktop-Touchscreen/dp/B0C54XNX34/ref=sr_1_63?dib=eyJ2IjoiMSJ9.QcYcbtxrxsQU1p1fx2A2BTjRTn0aRSgu9_IYXCyPl1UH6I2PSrzPp12yS_8uCTxmhlfD0yzaNK2LbPhwICITnILjym93p4WhJK0spfFZLPqrwr_XRxHizkd8AkelO33ldIF_tsSujUClUF-785u_7_yaXnoI_CvH9GgYSGJ6s_fUhXCByFPDeqNNBUOvWrpiVttOGMzK4pn-8GG_8TaHBR00gAMg_bAwkZnp7p9c6xA.JQfn9pVU5L_iJM76u-9R86qkjKFfRPO2qC-Ci8cGKyg&dib_tag=se&keywords=dell+laptop&qid=1723825390&sr=8-63
"14 Laptop, Intel Celeron N4020, 4 GB RAM, 64 GB Storage, 14-inch Micro-edge HD Display, Windows 11 Home, Thin & Portable, 4K Graphics, One Year of Microsoft 365 (14-dq0030nr, Pale Rose Gold)",209,4.2 out of 5 stars,,https://www.amazon.com/HP-Micro-Edge-Portable-Microsoft-14-dq0030nr/dp/B094BKKPXX/ref=sr_1_65?dib=eyJ2IjoiMSJ9.QcYcbtxrxsQU1p1fx2A2BTjRTn0aRSgu9_IYXCyPl1UH6I2PSrzPp12yS_8uCTxmhlfD0yzaNK2LbPhwICITnILjym93p4WhJK0spfFZLPqrwr_XRxHizkd8AkelO33ldIF_tsSujUClUF-785u_7_yaXnoI_CvH9GgYSGJ6s_fUhXCByFPDeqNNBUOvWrpiVttOGMzK4pn-8GG_8TaHBR00gAMg_bAwkZnp7p9c6xA.JQfn9pVU5L_iJM76u-9R86qkjKFfRPO2qC-Ci8cGKyg&dib_tag=se&keywords=dell+laptop&qid=1723825390&sr=8-65
"Laptop Screen Extender 14 inch, Full HD Display Laptop Monitor Extender (1920 x 1080), IPS Panel Triple Screen Laptop Monitor Extender, HDMI/USB C Plug and Play Portable Monitor for Laptop",279,4.3 out of 5 stars,,https://www.amazon.com/MarsMyth-S2-Monitor-Extender-Compatible/dp/B0CTMJ151X/ref=sr_1_68?dib=eyJ2IjoiMSJ9.QcYcbtxrxsQU1p1fx2A2BTjRTn0aRSgu9_IYXCyPl1UH6I2PSrzPp12yS_8uCTxmhlfD0yzaNK2LbPhwICITnILjym93p4WhJK0spfFZLPqrwr_XRxHizkd8AkelO33ldIF_tsSujUClUF-785u_7_yaXnoI_CvH9GgYSGJ6s_fUhXCByFPDeqNNBUOvWrpiVttOGMzK4pn-8GG_8TaHBR00gAMg_bAwkZnp7p9c6xA.JQfn9pVU5L_iJM76u-9R86qkjKFfRPO2qC-Ci8cGKyg&dib_tag=se&keywords=dell+laptop&qid=1723825390&sr=8-68
130W for Dell USB C Laptop Charger Replacement for Dell XPS 15 Charger Precision 5570 5530 2-in-1 5550 5750 3560 3570 Laptop Charger,27,,,https://www.amazon.com/sspa/click?ie=UTF8&spc=MTo0NzEyNjM1MjA4MTM5MDM3OjE3MjM4MjUzOTE6c3BfYnRmOjMwMDM1MjIwNjM4MTQwMjo6MDo6&url=%2F130W-Laptop-Charger-Replacement-Precision%2Fdp%2FB0D35PC8MP%2Fref%3Dsr_1_69_sspa%3Fdib%3DeyJ2IjoiMSJ9.QcYcbtxrxsQU1p1fx2A2BTjRTn0aRSgu9_IYXCyPl1UH6I2PSrzPp12yS_8uCTxmhlfD0yzaNK2LbPhwICITnILjym93p4WhJK0spfFZLPqrwr_XRxHizkd8AkelO33ldIF_tsSujUClUF-785u_7_yaXnoI_CvH9GgYSGJ6s_fUhXCByFPDeqNNBUOvWrpiVttOGMzK4pn-8GG_8TaHBR00gAMg_bAwkZnp7p9c6xA.JQfn9pVU5L_iJM76u-9R86qkjKFfRPO2qC-Ci8cGKyg%26dib_tag%3Dse%26keywords%3Ddell%2Blaptop%26qid%3D1723825390%26sr%3D8-69-spons%26sp_csd%3Dd2lkZ2V0TmFtZT1zcF9idGY%26psc%3D1
"USB-C Docking Station Triple/Dual 4K Monitor, Laptop Docking Station Stand with 100W Gan III Power Supply, 2.5Gbps Ethernet, 2 HDMI&DP (Single 8K/4K@120Hz), 6 USB Ports, for Dell/Hp/Lenovo",135,4.8 out of 5 stars,,https://www.amazon.com/sspa/click?ie=UTF8&spc=MTo0NzEyNjM1MjA4MTM5MDM3OjE3MjM4MjUzOTE6c3BfYnRmOjMwMDI4MTUwOTkwMjUwMjo6MDo6&url=%2FTobenONE-Docking-Station-Monitor-Ethernet%2Fdp%2FB0CY4LRSGD%2Fref%3Dsr_1_70_sspa%3Fdib%3DeyJ2IjoiMSJ9.QcYcbtxrxsQU1p1fx2A2BTjRTn0aRSgu9_IYXCyPl1UH6I2PSrzPp12yS_8uCTxmhlfD0yzaNK2LbPhwICITnILjym93p4WhJK0spfFZLPqrwr_XRxHizkd8AkelO33ldIF_tsSujUClUF-785u_7_yaXnoI_CvH9GgYSGJ6s_fUhXCByFPDeqNNBUOvWrpiVttOGMzK4pn-8GG_8TaHBR00gAMg_bAwkZnp7p9c6xA.JQfn9pVU5L_iJM76u-9R86qkjKFfRPO2qC-Ci8cGKyg%26dib_tag%3Dse%26keywords%3Ddell%2Blaptop%26qid%3D1723825390%26sr%3D8-70-spons%26sp_csd%3Dd2lkZ2V0TmFtZT1zcF9idGY%26psc%3D1
"USB C Docking Station 3 Monitors USB C Hub Laptop Dual Monitor Multiport Adapter Dock Dongle,USB C to 2 HDMI,DisplayPort,PD Charging,Ethernet,5 USB C/A Ports,MicroSD/SD,Audio for Dell/HP/Lenovo",55,4.3 out of 5 stars,,https://www.amazon.com/sspa/click?ie=UTF8&spc=MTozNjA3ODY1MTU5ODM3MTM0OjE3MjM4MjUzOTU6c3BfYXRmX25leHQ6MzAwMDc2NTE0MjQ0MTAyOjowOjo&url=%2FDocking-Multiport-DisplayPort-Charging-Ethernet%2Fdp%2FB0CD7KC4XF%2Fref%3Dsr_1_65_sspa%3Fdib%3DeyJ2IjoiMSJ9.rfRntdplJ3E40HQ08gvbG9-3YT_KIHVw1rQk6Z4mNYOQan50roEDNXMt9jJuuzaZbbLPCS5_OCVRkwN8H9BU_4Pg8k3regF85NANtnfOFoNPZhNlgcTfO_E2r4k1q23d_2CqJx-Vf8cLnTDFj7dGJdELnAHop_E-Wt05CMWNmf7VkXBH4rsz6ZMI_J--g7vLqiHTHHM8M8Kb4s8jXI0LrIjW6JPNugdIuWVCP-k_Ca8.YK1QFr_tzdTEG5hk_DNWE6ixRI7SOJTlCPR_2PcocWc%26dib_tag%3Dse%26keywords%3Ddell%2Blaptop%26qid%3D1723825395%26sr%3D8-65-spons%26sp_csd%3Dd2lkZ2V0TmFtZT1zcF9hdGZfbmV4dA%26psc%3D1
"Hard EVA Protective Sleeve Case Compatible for 15.6 inch Dell Latitude 3540 Laptop, 15.6 inch Dell Carry Travel Case Waterproof Sleeve (X8278)",45,4.2 out of 5 stars,,https://www.amazon.com/sspa/click?ie=UTF8&spc=MTozNjA3ODY1MTU5ODM3MTM0OjE3MjM4MjUzOTU6c3BfYXRmX25leHQ6MzAwMTY4ODY4MzcwMTAyOjowOjo&url=%2FSmatree-Protective-Compatible-Waterproof-M85%2Fdp%2FB0CHVKHMPM%2Fref%3Dsr_1_66_sspa%3Fdib%3DeyJ2IjoiMSJ9.rfRntdplJ3E40HQ08gvbG9-3YT_KIHVw1rQk6Z4mNYOQan50roEDNXMt9jJuuzaZbbLPCS5_OCVRkwN8H9BU_4Pg8k3regF85NANtnfOFoNPZhNlgcTfO_E2r4k1q23d_2CqJx-Vf8cLnTDFj7dGJdELnAHop_E-Wt05CMWNmf7VkXBH4rsz6ZMI_J--g7vLqiHTHHM8M8Kb4s8jXI0LrIjW6JPNugdIuWVCP-k_Ca8.YK1QFr_tzdTEG5hk_DNWE6ixRI7SOJTlCPR_2PcocWc%26dib_tag%3Dse%26keywords%3Ddell%2Blaptop%26qid%3D1723825395%26sr%3D8-66-spons%26sp_csd%3Dd2lkZ2V0TmFtZT1zcF9hdGZfbmV4dA%26psc%3D1
"Latitude 5530 Business Laptop, 15.6"" FHD Screen, 12th Gen Intel Core i5-1235U, 16GB DDR4 RAM, 512GB PCIe SSD, Webcam, HDMI, Thunderbolt 4, Backlit Keyboard, Wi-Fi 6, Windows 11 Pro, Black",829,5.0 out of 5 stars,,https://www.amazon.com/Dell-Latitude-5530-Business-Thunderbolt/dp/B0BHMSJQ3R/ref=sr_1_72?dib=eyJ2IjoiMSJ9.rfRntdplJ3E40HQ08gvbG9-3YT_KIHVw1rQk6Z4mNYOQan50roEDNXMt9jJuuzaZbbLPCS5_OCVRkwN8H9BU_4Pg8k3regF85NANtnfOFoNPZhNlgcTfO_E2r4k1q23d_2CqJx-Vf8cLnTDFj7dGJdELnAHop_E-Wt05CMWNmf7VkXBH4rsz6ZMI_J--g7vLqiHTHHM8M8Kb4s8jXI0LrIjW6JPNugdIuWVCP-k_Ca8.YK1QFr_tzdTEG5hk_DNWE6ixRI7SOJTlCPR_2PcocWc&dib_tag=se&keywords=dell+laptop&qid=1723825395&sr=8-72
"2023 Newest Chromebook Laptop, 14 Inch Display, Intel Celeron N4120 Processor, 4GB RAM, 64GB eMMC, Intel UHD Graphics 600, WiFi, Bluetooth, Chrome OS, Modern Gray",178,4.2 out of 5 stars,,https://www.amazon.com/HP-Chromebook-Processor-Graphics-Bluetooth/dp/B0C7MR5RDH/ref=sr_1_74?dib=eyJ2IjoiMSJ9.rfRntdplJ3E40HQ08gvbG9-3YT_KIHVw1rQk6Z4mNYOQan50roEDNXMt9jJuuzaZbbLPCS5_OCVRkwN8H9BU_4Pg8k3regF85NANtnfOFoNPZhNlgcTfO_E2r4k1q23d_2CqJx-Vf8cLnTDFj7dGJdELnAHop_E-Wt05CMWNmf7VkXBH4rsz6ZMI_J--g7vLqiHTHHM8M8Kb4s8jXI0LrIjW6JPNugdIuWVCP-k_Ca8.YK1QFr_tzdTEG5hk_DNWE6ixRI7SOJTlCPR_2PcocWc&dib_tag=se&keywords=dell+laptop&qid=1723825395&sr=8-74
Replacement 130W Dell Laptop Charger USB C for Dell XPS 15 17 2in1 9510 9500 Latitude 9510 5420 5520 Precision 5530 2in1 HA130PM170 DA130PM170 130W USB C Laptop Charger,20,4.4 out of 5 stars,,https://www.amazon.com/sspa/click?ie=UTF8&spc=MTozNjA3ODY1MTU5ODM3MTM0OjE3MjM4MjUzOTU6c3BfbXRmOjMwMDM1OTQ0OTQzOTEwMjo6MDo6&url=%2FReplacement-Latitude-Precision-HA130PM170-DA130PM170%2Fdp%2FB0CJ9R3LZS%2Fref%3Dsr_1_75_sspa%3Fdib%3DeyJ2IjoiMSJ9.rfRntdplJ3E40HQ08gvbG9-3YT_KIHVw1rQk6Z4mNYOQan50roEDNXMt9jJuuzaZbbLPCS5_OCVRkwN8H9BU_4Pg8k3regF85NANtnfOFoNPZhNlgcTfO_E2r4k1q23d_2CqJx-Vf8cLnTDFj7dGJdELnAHop_E-Wt05CMWNmf7VkXBH4rsz6ZMI_J--g7vLqiHTHHM8M8Kb4s8jXI0LrIjW6JPNugdIuWVCP-k_Ca8.YK1QFr_tzdTEG5hk_DNWE6ixRI7SOJTlCPR_2PcocWc%26dib_tag%3Dse%26keywords%3Ddell%2Blaptop%26qid%3D1723825395%26sr%3D8-75-spons%26sp_csd%3Dd2lkZ2V0TmFtZT1zcF9tdGY%26psc%3D1
100W Laptop USB C AC Adapter Charger for Dell Precision 5680 3580 3581 Latitude 5340 7640 7340 5440 5540 9440 for Dell Inspiron 14Plus 7440 XPS13 13Plus 15Plus 7430 7420 7430 5431 7425 7620 2-in-1,45,,,https://www.amazon.com/sspa/click?ie=UTF8&spc=MTozNjA3ODY1MTU5ODM3MTM0OjE3MjM4MjUzOTU6c3BfbXRmOjMwMDM0ODY1NzE5MTYwMjo6MDo6&url=%2FAdapter-Charger-Precision-Latitude-Inspiron%2Fdp%2FB0D97LQLF3%2Fref%3Dsr_1_76_sspa%3Fdib%3DeyJ2IjoiMSJ9.rfRntdplJ3E40HQ08gvbG9-3YT_KIHVw1rQk6Z4mNYOQan50roEDNXMt9jJuuzaZbbLPCS5_OCVRkwN8H9BU_4Pg8k3regF85NANtnfOFoNPZhNlgcTfO_E2r4k1q23d_2CqJx-Vf8cLnTDFj7dGJdELnAHop_E-Wt05CMWNmf7VkXBH4rsz6ZMI_J--g7vLqiHTHHM8M8Kb4s8jXI0LrIjW6JPNugdIuWVCP-k_Ca8.YK1QFr_tzdTEG5hk_DNWE6ixRI7SOJTlCPR_2PcocWc%26dib_tag%3Dse%26keywords%3Ddell%2Blaptop%26qid%3D1723825395%26sr%3D8-76-spons%26sp_csd%3Dd2lkZ2V0TmFtZT1zcF9tdGY%26psc%3D1
New 65W 45W USB C Charger for Dell Laptop Charger USB C Latitude 5000 5420 5520 5320 Chromebook 3100 3300 3380 3400 3500 XPS 13 9250 9360 9365 9370 Type C Travel Laptop Power Adapter,16,5.0 out of 5 stars,,https://www.amazon.com/Charger-Laptop-Latitude-Chromebook-Adapter/dp/B0CYZLMQ5B/ref=sr_1_79?dib=eyJ2IjoiMSJ9.rfRntdplJ3E40HQ08gvbG9-3YT_KIHVw1rQk6Z4mNYOQan50roEDNXMt9jJuuzaZbbLPCS5_OCVRkwN8H9BU_4Pg8k3regF85NANtnfOFoNPZhNlgcTfO_E2r4k1q23d_2CqJx-Vf8cLnTDFj7dGJdELnAHop_E-Wt05CMWNmf7VkXBH4rsz6ZMI_J--g7vLqiHTHHM8M8Kb4s8jXI0LrIjW6JPNugdIuWVCP-k_Ca8.YK1QFr_tzdTEG5hk_DNWE6ixRI7SOJTlCPR_2PcocWc&dib_tag=se&keywords=dell+laptop&qid=1723825395&sr=8-79
"16"" Purple Gaming Laptop 12G LPDDR5 RAM 1TB NVMe SSD Alder Lake N95 CP, 2K FHD(1920 * 1200) IPS Screen/Color Backlit KB/Fingerprint/Windows 11 PC for Game Work Study",469,4.1 out of 5 stars,,https://www.amazon.com/Purple-Laptop-Quad-Core-Backlit-Fingerprint/dp/B0CJ6H2LXZ/ref=sr_1_80?dib=eyJ2IjoiMSJ9.rfRntdplJ3E40HQ08gvbG9-3YT_KIHVw1rQk6Z4mNYOQan50roEDNXMt9jJuuzaZbbLPCS5_OCVRkwN8H9BU_4Pg8k3regF85NANtnfOFoNPZhNlgcTfO_E2r4k1q23d_2CqJx-Vf8cLnTDFj7dGJdELnAHop_E-Wt05CMWNmf7VkXBH4rsz6ZMI_J--g7vLqiHTHHM8M8Kb4s8jXI0LrIjW6JPNugdIuWVCP-k_Ca8.YK1QFr_tzdTEG5hk_DNWE6ixRI7SOJTlCPR_2PcocWc&dib_tag=se&keywords=dell+laptop&qid=1723825395&sr=8-80
"USB C Docking Station Dual Monitor for Dell/HP/Lenovo/Surface Laptop, 14 in 1 Triple Display Hub Multiple Adapter, Dongle with 2 HDMI 4K+VGA+5 Port+100W PD Charger+Ethernet+SD/TF+Audio",55,4.1 out of 5 stars,,https://www.amazon.com/Docking-Station-Monitor-Multiple-Ethernet/dp/B09WDCH35N/ref=sr_1_83?dib=eyJ2IjoiMSJ9.rfRntdplJ3E40HQ08gvbG9-3YT_KIHVw1rQk6Z4mNYOQan50roEDNXMt9jJuuzaZbbLPCS5_OCVRkwN8H9BU_4Pg8k3regF85NANtnfOFoNPZhNlgcTfO_E2r4k1q23d_2CqJx-Vf8cLnTDFj7dGJdELnAHop_E-Wt05CMWNmf7VkXBH4rsz6ZMI_J--g7vLqiHTHHM8M8Kb4s8jXI0LrIjW6JPNugdIuWVCP-k_Ca8.YK1QFr_tzdTEG5hk_DNWE6ixRI7SOJTlCPR_2PcocWc&dib_tag=se&keywords=dell+laptop&qid=1723825395&sr=8-83
"Protective Case for 15.6"" Dell Latitude 15 5591 5590 5580/Dell Precision 15 3530 & ThinkPad P15 T15g/ThinkPad P15 Gen 2/ThinkPad T15g Gen 2 (Not fit ThinkPad P15s P15v T15 T15p),Love Tree",23,3.7 out of 5 stars,,https://www.amazon.com/sspa/click?ie=UTF8&spc=MTozNjA3ODY1MTU5ODM3MTM0OjE3MjM4MjUzOTU6c3BfYnRmOjIwMDAwOTM3MDY4Nzg1MTo6MDo6&url=%2FAlapmk-Protective-Latitude-Laptop-Warning%2Fdp%2FB07DBY3JWG%2Fref%3Dsr_1_85_sspa%3Fdib%3DeyJ2IjoiMSJ9.rfRntdplJ3E40HQ08gvbG9-3YT_KIHVw1rQk6Z4mNYOQan50roEDNXMt9jJuuzaZbbLPCS5_OCVRkwN8H9BU_4Pg8k3regF85NANtnfOFoNPZhNlgcTfO_E2r4k1q23d_2CqJx-Vf8cLnTDFj7dGJdELnAHop_E-Wt05CMWNmf7VkXBH4rsz6ZMI_J--g7vLqiHTHHM8M8Kb4s8jXI0LrIjW6JPNugdIuWVCP-k_Ca8.YK1QFr_tzdTEG5hk_DNWE6ixRI7SOJTlCPR_2PcocWc%26dib_tag%3Dse%26keywords%3Ddell%2Blaptop%26qid%3D1723825395%26sr%3D8-85-spons%26sp_csd%3Dd2lkZ2V0TmFtZT1zcF9idGY%26psc%3D1
"Protective Case Cover for 13.3"" Dell Inspiron 13 2-in-1 5378 5368 5379 i5378 i5368 i5379 & Latitude 13 2-in-1 3390 Laptop (Warning:Only fit model 5378 5368 5379),Starry Night",21,4.1 out of 5 stars,,https://www.amazon.com/sspa/click?ie=UTF8&spc=MTozNjA3ODY1MTU5ODM3MTM0OjE3MjM4MjUzOTU6c3BfYnRmOjIwMDAxNjgwMjQ5MTA1MTo6MDo6&url=%2FAlapmk-Protective-Inspiron-Laptop-Warning%2Fdp%2FB07CM5MJY3%2Fref%3Dsr_1_86_sspa%3Fdib%3DeyJ2IjoiMSJ9.rfRntdplJ3E40HQ08gvbG9-3YT_KIHVw1rQk6Z4mNYOQan50roEDNXMt9jJuuzaZbbLPCS5_OCVRkwN8H9BU_4Pg8k3regF85NANtnfOFoNPZhNlgcTfO_E2r4k1q23d_2CqJx-Vf8cLnTDFj7dGJdELnAHop_E-Wt05CMWNmf7VkXBH4rsz6ZMI_J--g7vLqiHTHHM8M8Kb4s8jXI0LrIjW6JPNugdIuWVCP-k_Ca8.YK1QFr_tzdTEG5hk_DNWE6ixRI7SOJTlCPR_2PcocWc%26dib_tag%3Dse%26keywords%3Ddell%2Blaptop%26qid%3D1723825395%26sr%3D8-86-spons%26sp_csd%3Dd2lkZ2V0TmFtZT1zcF9idGY%26psc%3D1
"USB C Docking Station Triple Monitor, Multiports Laptop Type-C Dock for Hp Dell Windows/MacOS Laptops with 4K@60Hz 2 HDMI, DP, 10Gbps Data USB A/C, RJ45, SD/TF Card Slot, External AC Power Adapter",139,3.0 out of 5 stars,,https://www.amazon.com/sspa/click?ie=UTF8&spc=MTozMzA4ODgxNTE4NDU2OTQxOjE3MjM4MjUzOTk6c3BfYXRmX25leHQ6MzAwMTk5NDU5NjU3MzAyOjowOjo&url=%2FDocking-Station-Monitor-Multiports-External%2Fdp%2FB0D25LD84F%2Fref%3Dsr_1_81_sspa%3Fdib%3DeyJ2IjoiMSJ9.18ZOU73eUGD1MX6u95fM3qLifW8rawY6Sx-qCvpVFLyRF1KagcSVhpYp3oIee51dGH8JwN7J3ApOggOdmiWW9hHd5A38ILzBZBiuFJADuyct5f9XdsET2rVGcXQe0EVSEH7y-bXIlntTk1j9BjM_LWokxfkMpRyrh930DGWXSxO6nZBja65uS37n_3O5ayD1WpaC5MqTQtuQK_NFK-_4WRaK16o7ni3ci9Wbhd5fYYM.gu9VUisgKYK3viZrlWcgW9km4-jVKkvfQYgLFXEsNt4%26dib_tag%3Dse%26keywords%3Ddell%2Blaptop%26qid%3D1723825398%26sr%3D8-81-spons%26sp_csd%3Dd2lkZ2V0TmFtZT1zcF9hdGZfbmV4dA%26psc%3D1
"11-in-1 Multiport Laptop Docking Station with Dual Monitor Support, USB-C to HDMI Adapter, Ethernet, USB 3.0 Hub, SD/TF Card Reader, Audio Jack - Compatible with MacBook, Dell, HP, Lenovo",29,4.7 out of 5 stars,,https://www.amazon.com/sspa/click?ie=UTF8&spc=MTozMzA4ODgxNTE4NDU2OTQxOjE3MjM4MjUzOTk6c3BfYXRmX25leHQ6MzAwMTYxMjIyODUwMDAyOjowOjo&url=%2FDocking-Station-Multiport-Ethernet-Compatible%2Fdp%2FB0CNTGV4PD%2Fref%3Dsr_1_82_sspa%3Fdib%3DeyJ2IjoiMSJ9.18ZOU73eUGD1MX6u95fM3qLifW8rawY6Sx-qCvpVFLyRF1KagcSVhpYp3oIee51dGH8JwN7J3ApOggOdmiWW9hHd5A38ILzBZBiuFJADuyct5f9XdsET2rVGcXQe0EVSEH7y-bXIlntTk1j9BjM_LWokxfkMpRyrh930DGWXSxO6nZBja65uS37n_3O5ayD1WpaC5MqTQtuQK_NFK-_4WRaK16o7ni3ci9Wbhd5fYYM.gu9VUisgKYK3viZrlWcgW9km4-jVKkvfQYgLFXEsNt4%26dib_tag%3Dse%26keywords%3Ddell%2Blaptop%26qid%3D1723825398%26sr%3D8-82-spons%26sp_csd%3Dd2lkZ2V0TmFtZT1zcF9hdGZfbmV4dA%26psc%3D1
"2023 Inspiron 14 Business Laptop, 14"" FHD Display, AMD Ryzen 7 5825U(Beats i7-1185G7), Backlit Keyboard, HDMI,USB-C, BT,WiFi,Windows 11 Pro,Pebble Green (8G RAM | 512GB SSD)",579,3.5 out of 5 stars,,https://www.amazon.com/Inspiron-Business-Laptop-i7-1185G7-Keyboard/dp/B0CDZJWJDD/ref=sr_1_85?dib=eyJ2IjoiMSJ9.18ZOU73eUGD1MX6u95fM3qLifW8rawY6Sx-qCvpVFLyRF1KagcSVhpYp3oIee51dGH8JwN7J3ApOggOdmiWW9hHd5A38ILzBZBiuFJADuyct5f9XdsET2rVGcXQe0EVSEH7y-bXIlntTk1j9BjM_LWokxfkMpRyrh930DGWXSxO6nZBja65uS37n_3O5ayD1WpaC5MqTQtuQK_NFK-_4WRaK16o7ni3ci9Wbhd5fYYM.gu9VUisgKYK3viZrlWcgW9km4-jVKkvfQYgLFXEsNt4&dib_tag=se&keywords=dell+laptop&qid=1723825398&sr=8-85
"2.4G Wireless Mouse, 1200 DPI Mobile Optical Cordless Mouse with USB Receiver, Portable Computer Mice Wireless Mouse for Laptop, PC, Desktop, MacBook, 5 Buttons (Pink)",12,4.5 out of 5 stars,,https://www.amazon.com/memzuoix-Wireless-Cordless-Receiver-Portable/dp/B09YHXXL13/ref=sr_1_87?dib=eyJ2IjoiMSJ9.18ZOU73eUGD1MX6u95fM3qLifW8rawY6Sx-qCvpVFLyRF1KagcSVhpYp3oIee51dGH8JwN7J3ApOggOdmiWW9hHd5A38ILzBZBiuFJADuyct5f9XdsET2rVGcXQe0EVSEH7y-bXIlntTk1j9BjM_LWokxfkMpRyrh930DGWXSxO6nZBja65uS37n_3O5ayD1WpaC5MqTQtuQK_NFK-_4WRaK16o7ni3ci9Wbhd5fYYM.gu9VUisgKYK3viZrlWcgW9km4-jVKkvfQYgLFXEsNt4&dib_tag=se&keywords=dell+laptop&qid=1723825398&sr=8-87
"G15 5530 Gaming Laptop, Intel Core i7-13650HX, 32 GB DDR5 Ram, 1TB PCIe SSD, 15.6"" FHD (1920x1200), Nvidia Geforce RTX 4060, Windows 11 Home","1,299",4.3 out of 5 stars,,https://www.amazon.com/Dell-G15-i7-13650HX-Display-Keyboard/dp/B0CCJRM63X/ref=sr_1_88?dib=eyJ2IjoiMSJ9.18ZOU73eUGD1MX6u95fM3qLifW8rawY6Sx-qCvpVFLyRF1KagcSVhpYp3oIee51dGH8JwN7J3ApOggOdmiWW9hHd5A38ILzBZBiuFJADuyct5f9XdsET2rVGcXQe0EVSEH7y-bXIlntTk1j9BjM_LWokxfkMpRyrh930DGWXSxO6nZBja65uS37n_3O5ayD1WpaC5MqTQtuQK_NFK-_4WRaK16o7ni3ci9Wbhd5fYYM.gu9VUisgKYK3viZrlWcgW9km4-jVKkvfQYgLFXEsNt4&dib_tag=se&keywords=dell+laptop&qid=1723825398&sr=8-88
"Dell Latitude 7400 14"" Business Laptop, Intel Core i5-8365U 1.6GHz Up to 4.1GHz, 16GB RAM, 512GB SSD, Backlit Keyboard, Windows 10 Pro (Renewed)",272,2.3 out of 5 stars,,https://www.amazon.com/Dell-Latitude-Business-i5-8365U-Keyboard/dp/B0CRTYCK9M/ref=sr_1_89?dib=eyJ2IjoiMSJ9.18ZOU73eUGD1MX6u95fM3qLifW8rawY6Sx-qCvpVFLyRF1KagcSVhpYp3oIee51dGH8JwN7J3ApOggOdmiWW9hHd5A38ILzBZBiuFJADuyct5f9XdsET2rVGcXQe0EVSEH7y-bXIlntTk1j9BjM_LWokxfkMpRyrh930DGWXSxO6nZBja65uS37n_3O5ayD1WpaC5MqTQtuQK_NFK-_4WRaK16o7ni3ci9Wbhd5fYYM.gu9VUisgKYK3viZrlWcgW9km4-jVKkvfQYgLFXEsNt4&dib_tag=se&keywords=dell+laptop&qid=1723825398&sr=8-89
65W AC Power Adapter19.5V 3.34A for Dell Latitude 7480 E5440 E5470 E6540 E7440 E7450 E7250 E6440 E6430 7490 7290 5490 5590 5290 Laptop Charger,22,4.7 out of 5 stars,,https://www.amazon.com/sspa/click?ie=UTF8&spc=MTozMzA4ODgxNTE4NDU2OTQxOjE3MjM4MjUzOTk6c3BfbXRmOjMwMDA0ODgxMDkzMTgwMjo6MDo6&url=%2FPower-Adapter19-5V-Latitude-Laptop-Charger%2Fdp%2FB0C6F6Y7DB%2Fref%3Dsr_1_91_sspa%3Fdib%3DeyJ2IjoiMSJ9.18ZOU73eUGD1MX6u95fM3qLifW8rawY6Sx-qCvpVFLyRF1KagcSVhpYp3oIee51dGH8JwN7J3ApOggOdmiWW9hHd5A38ILzBZBiuFJADuyct5f9XdsET2rVGcXQe0EVSEH7y-bXIlntTk1j9BjM_LWokxfkMpRyrh930DGWXSxO6nZBja65uS37n_3O5ayD1WpaC5MqTQtuQK_NFK-_4WRaK16o7ni3ci9Wbhd5fYYM.gu9VUisgKYK3viZrlWcgW9km4-jVKkvfQYgLFXEsNt4%26dib_tag%3Dse%26keywords%3Ddell%2Blaptop%26qid%3D1723825398%26sr%3D8-91-spons%26sp_csd%3Dd2lkZ2V0TmFtZT1zcF9tdGY%26psc%3D1
"Laptop Notebook Stand Holder Adjustable Ultrabook Stand Riser Portable Compatible with MacBook Air Pro HP Dell XPS Lenovo All laptops 10-15.6""(Rose Gold)",33,4.6 out of 5 stars,,https://www.amazon.com/sspa/click?ie=UTF8&spc=MTozMzA4ODgxNTE4NDU2OTQxOjE3MjM4MjUzOTk6c3BfbXRmOjIwMDAzNTMzMDIwNDgyMTo6MDo6&url=%2FUrmust-Ergonomic-Adjustable-Ultrabook-Compatible%2Fdp%2FB081Z2XJLJ%2Fref%3Dsr_1_92_sspa%3Fdib%3DeyJ2IjoiMSJ9.18ZOU73eUGD1MX6u95fM3qLifW8rawY6Sx-qCvpVFLyRF1KagcSVhpYp3oIee51dGH8JwN7J3ApOggOdmiWW9hHd5A38ILzBZBiuFJADuyct5f9XdsET2rVGcXQe0EVSEH7y-bXIlntTk1j9BjM_LWokxfkMpRyrh930DGWXSxO6nZBja65uS37n_3O5ayD1WpaC5MqTQtuQK_NFK-_4WRaK16o7ni3ci9Wbhd5fYYM.gu9VUisgKYK3viZrlWcgW9km4-jVKkvfQYgLFXEsNt4%26dib_tag%3Dse%26keywords%3Ddell%2Blaptop%26qid%3D1723825398%26sr%3D8-92-spons%26sp_csd%3Dd2lkZ2V0TmFtZT1zcF9tdGY%26psc%3D1
"16"" Laptop 12+512GB Celeron N5095 (Up to 2.9Ghz) 4-Core Win 11 PC with Cooling Fan 1920 * 1200 2K Screen Dual WiFi Support 2.5"" HDD 1TB SSD Expand for Business Study-Purple",409,4.3 out of 5 stars,,https://www.amazon.com/Ruzava-Celeron-Cooling-Support-Study-Purple/dp/B0C43M8CFX/ref=sr_1_96?dib=eyJ2IjoiMSJ9.18ZOU73eUGD1MX6u95fM3qLifW8rawY6Sx-qCvpVFLyRF1KagcSVhpYp3oIee51dGH8JwN7J3ApOggOdmiWW9hHd5A38ILzBZBiuFJADuyct5f9XdsET2rVGcXQe0EVSEH7y-bXIlntTk1j9BjM_LWokxfkMpRyrh930DGWXSxO6nZBja65uS37n_3O5ayD1WpaC5MqTQtuQK_NFK-_4WRaK16o7ni3ci9Wbhd5fYYM.gu9VUisgKYK3viZrlWcgW9km4-jVKkvfQYgLFXEsNt4&dib_tag=se&keywords=dell+laptop&qid=1723825398&sr=8-96
"Portable Laptop Stand,Adjustable Laptop Stand,Folding Laptop Stand,Laptop Riser for Desk for Laptops up to 16 Inches MacBook air pro, Acer,Lenovo,Dell Notebook(Black)",15,4.7 out of 5 stars,,https://www.amazon.com/sspa/click?ie=UTF8&spc=MTozMzA4ODgxNTE4NDU2OTQxOjE3MjM4MjUzOTk6c3BfYnRmOjMwMDE5ODU0OTE2NTYwMjo6MDo6&url=%2FNTMY-Computer-Aluminum-Portable-Adjustable%2Fdp%2FB0C1RTW9T9%2Fref%3Dsr_1_101_sspa%3Fdib%3DeyJ2IjoiMSJ9.18ZOU73eUGD1MX6u95fM3qLifW8rawY6Sx-qCvpVFLyRF1KagcSVhpYp3oIee51dGH8JwN7J3ApOggOdmiWW9hHd5A38ILzBZBiuFJADuyct5f9XdsET2rVGcXQe0EVSEH7y-bXIlntTk1j9BjM_LWokxfkMpRyrh930DGWXSxO6nZBja65uS37n_3O5ayD1WpaC5MqTQtuQK_NFK-_4WRaK16o7ni3ci9Wbhd5fYYM.gu9VUisgKYK3viZrlWcgW9km4-jVKkvfQYgLFXEsNt4%26dib_tag%3Dse%26keywords%3Ddell%2Blaptop%26qid%3D1723825398%26sr%3D8-101-spons%26sp_csd%3Dd2lkZ2V0TmFtZT1zcF9idGY%26psc%3D1
"16"" Purple Laptop,Ultra-Narrow Bezels 2.5K QHD(2560x1600) IPS,Celeron N5095,16G RAM 512G SSD,Color Backlit KB,Fingerprint,Type-C/HDMI/HDD Expand,Win 11 PC for Business Study(Purple, 512G SSD)",399,5.0 out of 5 stars,,https://www.amazon.com/sspa/click?ie=UTF8&spc=MTozMzA4ODgxNTE4NDU2OTQxOjE3MjM4MjUzOTk6c3BfYnRmOjMwMDMxMzYwODcxOTkwMjo6MDo6&url=%2FRumtuk-Ultra-Narrow-2560x1600-Fingerprint-Business%2Fdp%2FB0D7SDZ8W5%2Fref%3Dsr_1_102_sspa%3Fdib%3DeyJ2IjoiMSJ9.18ZOU73eUGD1MX6u95fM3qLifW8rawY6Sx-qCvpVFLyRF1KagcSVhpYp3oIee51dGH8JwN7J3ApOggOdmiWW9hHd5A38ILzBZBiuFJADuyct5f9XdsET2rVGcXQe0EVSEH7y-bXIlntTk1j9BjM_LWokxfkMpRyrh930DGWXSxO6nZBja65uS37n_3O5ayD1WpaC5MqTQtuQK_NFK-_4WRaK16o7ni3ci9Wbhd5fYYM.gu9VUisgKYK3viZrlWcgW9km4-jVKkvfQYgLFXEsNt4%26dib_tag%3Dse%26keywords%3Ddell%2Blaptop%26qid%3D1723825398%26sr%3D8-102-spons%26sp_csd%3Dd2lkZ2V0TmFtZT1zcF9idGY%26psc%3D1
"USB C Docking Station Triple Monitor,16 in 1 Laptop Docking station USB C Dock with 2 HDMI, 4K/60Hz DP, 8 USB Ports, 65W AC Adapter, Ethernet for Dell/Hp/Lenovo/Macbook Full Functional Type c laptops",119,3.5 out of 5 stars,,https://www.amazon.com/sspa/click?ie=UTF8&spc=MTo4MzUxMjI1NTQxMjI5Mjg6MTcyMzgyNTQwNDpzcF9hdGZfbmV4dDoyMDAxMDE3NzE4Mzk3OTg6OjA6Og&url=%2FDocking-Station-Monitor-Ethernet-Functional%2Fdp%2FB0BDQ52MKN%2Fref%3Dsr_1_97_sspa%3Fdib%3DeyJ2IjoiMSJ9.MCofqZ77elSNTZs4EfRikU9W9vfCC5ewYXrCF88GeDYtGQVg5Ky6r8ckgb9_tt0JWzYsAr3sGWJ0k9c7pkdexguGT7GXWJjx802xox7bPcbU-c-oJB6OQ-gofT4BAGUn7Seh3PQP9FTP_EVSpcbDnTh9YTuObeh8MKVZPnOD0DCPopyUpUP5Q2T3voNZceSVqYoXU9075WLvsNKkOaPcl3bmahYAQfeN46Q16MeNrK0.eYEHkEx_sXf-ppUttnjpDADTQgL1Bbb7p2Yte-HVdyQ%26dib_tag%3Dse%26keywords%3Ddell%2Blaptop%26qid%3D1723825404%26sr%3D8-97-spons%26sp_csd%3Dd2lkZ2V0TmFtZT1zcF9hdGZfbmV4dA%26psc%3D1
USB C Charger 460W Fast GAN Charger Block 8 Port Charging Station HUB Brick Dual PD PPS 100W Laptop Charger Compatible with DELL HP MacBook Pro/Air/All iPad iPhone 15/14/13/Pro Max/Galaxy Note,79,4.4 out of 5 stars,,https://www.amazon.com/sspa/click?ie=UTF8&spc=MTo4MzUxMjI1NTQxMjI5Mjg6MTcyMzgyNTQwNDpzcF9hdGZfbmV4dDozMDAzMjczMTY1MTkwMDI6OjA6Og&url=%2FCharger-Charging-Station-Adapter-Compatible%2Fdp%2FB0CJJHD126%2Fref%3Dsr_1_98_sspa%3Fdib%3DeyJ2IjoiMSJ9.MCofqZ77elSNTZs4EfRikU9W9vfCC5ewYXrCF88GeDYtGQVg5Ky6r8ckgb9_tt0JWzYsAr3sGWJ0k9c7pkdexguGT7GXWJjx802xox7bPcbU-c-oJB6OQ-gofT4BAGUn7Seh3PQP9FTP_EVSpcbDnTh9YTuObeh8MKVZPnOD0DCPopyUpUP5Q2T3voNZceSVqYoXU9075WLvsNKkOaPcl3bmahYAQfeN46Q16MeNrK0.eYEHkEx_sXf-ppUttnjpDADTQgL1Bbb7p2Yte-HVdyQ%26dib_tag%3Dse%26keywords%3Ddell%2Blaptop%26qid%3D1723825404%26sr%3D8-98-spons%26sp_csd%3Dd2lkZ2V0TmFtZT1zcF9hdGZfbmV4dA%26psc%3D1
"Hard EVA Protective Sleeve Case Compatible for 14 inch DELL Latitude 3440 Laptop, for DELL Vostro 3420 Laptop Notebook Bag (X8246)",39,4.2 out of 5 stars,,https://www.amazon.com/sspa/click?ie=UTF8&spc=MTo4MzUxMjI1NTQxMjI5Mjg6MTcyMzgyNTQwNDpzcF9tdGY6MzAwMTY4ODY4MzcxODAyOjowOjo&url=%2FSmatree-Protective-Compatible-Latitude-Notebook%2Fdp%2FB0CHVHCR2G%2Fref%3Dsr_1_107_sspa%3Fdib%3DeyJ2IjoiMSJ9.MCofqZ77elSNTZs4EfRikU9W9vfCC5ewYXrCF88GeDYtGQVg5Ky6r8ckgb9_tt0JWzYsAr3sGWJ0k9c7pkdexguGT7GXWJjx802xox7bPcbU-c-oJB6OQ-gofT4BAGUn7Seh3PQP9FTP_EVSpcbDnTh9YTuObeh8MKVZPnOD0DCPopyUpUP5Q2T3voNZceSVqYoXU9075WLvsNKkOaPcl3bmahYAQfeN46Q16MeNrK0.eYEHkEx_sXf-ppUttnjpDADTQgL1Bbb7p2Yte-HVdyQ%26dib_tag%3Dse%26keywords%3Ddell%2Blaptop%26qid%3D1723825404%26sr%3D8-107-spons%26sp_csd%3Dd2lkZ2V0TmFtZT1zcF9tdGY%26psc%3D1
"Protective Sleeve case Compatible with MacBook Pro 16 Inch,15.6 inch, HP,Dell,Acer Aspire,Asus Notebook,Laptop with Shoulder Strap,Pocket,Handle,Pink",19,4.6 out of 5 stars,,https://www.amazon.com/sspa/click?ie=UTF8&spc=MTo4MzUxMjI1NTQxMjI5Mjg6MTcyMzgyNTQwNDpzcF9tdGY6MzAwMTU3MzU4NzM4ODAyOjowOjo&url=%2FBAGSMART-Protective-Compatible-Notebook-Shoulder%2Fdp%2FB0BS9G1MQ3%2Fref%3Dsr_1_108_sspa%3Fdib%3DeyJ2IjoiMSJ9.MCofqZ77elSNTZs4EfRikU9W9vfCC5ewYXrCF88GeDYtGQVg5Ky6r8ckgb9_tt0JWzYsAr3sGWJ0k9c7pkdexguGT7GXWJjx802xox7bPcbU-c-oJB6OQ-gofT4BAGUn7Seh3PQP9FTP_EVSpcbDnTh9YTuObeh8MKVZPnOD0DCPopyUpUP5Q2T3voNZceSVqYoXU9075WLvsNKkOaPcl3bmahYAQfeN46Q16MeNrK0.eYEHkEx_sXf-ppUttnjpDADTQgL1Bbb7p2Yte-HVdyQ%26dib_tag%3Dse%26keywords%3Ddell%2Blaptop%26qid%3D1723825404%26sr%3D8-108-spons%26sp_csd%3Dd2lkZ2V0TmFtZT1zcF9tdGY%26psc%3D1
"USB C Laptop Docking Station Dual Monitor,14 in 1 USB C Hub Multiport Adapter with 2 HDMI,VGA,RJ45 Ethernet,5 USBA,1 USB C 3.1 Data Port, SD/TF,PD3.0, for Thunderbolt MacBook Pro Lenovo Dell HP",46,4.6 out of 5 stars,,https://www.amazon.com/sspa/click?ie=UTF8&spc=MTo4MzUxMjI1NTQxMjI5Mjg6MTcyMzgyNTQwNDpzcF9idGY6MzAwMDM4Nzc0OTQwNDAyOjowOjo&url=%2FSSK-Docking-Multiport-Ethernet-Thunderbolt%2Fdp%2FB0CCJ9X62F%2Fref%3Dsr_1_117_sspa%3Fdib%3DeyJ2IjoiMSJ9.MCofqZ77elSNTZs4EfRikU9W9vfCC5ewYXrCF88GeDYtGQVg5Ky6r8ckgb9_tt0JWzYsAr3sGWJ0k9c7pkdexguGT7GXWJjx802xox7bPcbU-c-oJB6OQ-gofT4BAGUn7Seh3PQP9FTP_EVSpcbDnTh9YTuObeh8MKVZPnOD0DCPopyUpUP5Q2T3voNZceSVqYoXU9075WLvsNKkOaPcl3bmahYAQfeN46Q16MeNrK0.eYEHkEx_sXf-ppUttnjpDADTQgL1Bbb7p2Yte-HVdyQ%26dib_tag%3Dse%26keywords%3Ddell%2Blaptop%26qid%3D1723825404%26sr%3D8-117-spons%26sp_csd%3Dd2lkZ2V0TmFtZT1zcF9idGY%26psc%3D1
"65W 45W Type C Dell Laptop Charger, Replacement for Dell USB C Charger Latitude 5520 5420 7430 7420 5430 5530 7410 7330 7340 7275 7320, XPS 13 9350 Chromebook 3100 AC Adapter Power Supply",17,4.7 out of 5 stars,,https://www.amazon.com/sspa/click?ie=UTF8&spc=MTo4MzUxMjI1NTQxMjI5Mjg6MTcyMzgyNTQwNDpzcF9idGY6MzAwMzUwMzkyMjM4MzAyOjowOjo&url=%2FCharger-Replacement-Latitude-Chromebook-Adapter%2Fdp%2FB0CDL1B5V2%2Fref%3Dsr_1_118_sspa%3Fdib%3DeyJ2IjoiMSJ9.MCofqZ77elSNTZs4EfRikU9W9vfCC5ewYXrCF88GeDYtGQVg5Ky6r8ckgb9_tt0JWzYsAr3sGWJ0k9c7pkdexguGT7GXWJjx802xox7bPcbU-c-oJB6OQ-gofT4BAGUn7Seh3PQP9FTP_EVSpcbDnTh9YTuObeh8MKVZPnOD0DCPopyUpUP5Q2T3voNZceSVqYoXU9075WLvsNKkOaPcl3bmahYAQfeN46Q16MeNrK0.eYEHkEx_sXf-ppUttnjpDADTQgL1Bbb7p2Yte-HVdyQ%26dib_tag%3Dse%26keywords%3Ddell%2Blaptop%26qid%3D1723825404%26sr%3D8-118-spons%26sp_csd%3Dd2lkZ2V0TmFtZT1zcF9idGY%26psc%3D1
for Dell Inspiron 13 7390 7391 2-in-1 P113G P113G001 UHD 3840x2160 IPS LCD Touch Screen Display Digitizer Assembly Bezel,169,,,https://www.amazon.com/sspa/click?ie=UTF8&spc=MToxMjcwNTkzNzg1NTgwODEzOjE3MjM4MjU0MDk6c3BfYXRmX25leHQ6MzAwMDA4Mjc5NjQ1NjAyOjowOjo&url=%2FHPDELGB-Inspiron-P113G001-3840x2160-Digitizer%2Fdp%2FB0C7873RJM%2Fref%3Dsr_1_113_sspa%3Fdib%3DeyJ2IjoiMSJ9.0QeSGt4hIiXX_9oVTK2JNVDZ-aSugvbi2gwjDMyGn3_-b_p9R533Mei1kVouftDhgSOk4pNHvhZmHde7pVZJ_hH7cCIW8GT8UNMlwznNfjhTSOOAFDhquzDVt8tPJpNEsuJjVgXexWIu2xJTxRaduIF-FNXzM2fqUBxoU7yU47kXb04fsYZhPVfPnh_bJZx0QhzAWnwHOYsFXeTLq5m3kt06FA6o-cXG_9H1dFh69pA.HI7_RaWNME1XzE5D76wPWwPjppDqs-w05VMQpqo9o2A%26dib_tag%3Dse%26keywords%3Ddell%2Blaptop%26qid%3D1723825409%26sr%3D8-113-spons%26sp_csd%3Dd2lkZ2V0TmFtZT1zcF9hdGZfbmV4dA%26psc%3D1
"[10Gbps on Both Sides] Upgraded USB A to USB C Adapter, 2-Pack USB Male to USB C Female Adapter, 60W Type C Port to USB 3.2 Converter, Compatible with Apple/iPhone/Car/Samsung",16,4.0 out of 5 stars,,https://www.amazon.com/sspa/click?ie=UTF8&spc=MToxMjcwNTkzNzg1NTgwODEzOjE3MjM4MjU0MDk6c3BfYXRmX25leHQ6MzAwMzI5MjIwOTI2OTAyOjowOjo&url=%2FULTIENCE%25E3%2580%258C10Gbps-Pack%25E3%2580%258DUSB-Adapter-Charger-Converter%2Fdp%2FB0CFVNX2NK%2Fref%3Dsr_1_114_sspa%3Fdib%3DeyJ2IjoiMSJ9.0QeSGt4hIiXX_9oVTK2JNVDZ-aSugvbi2gwjDMyGn3_-b_p9R533Mei1kVouftDhgSOk4pNHvhZmHde7pVZJ_hH7cCIW8GT8UNMlwznNfjhTSOOAFDhquzDVt8tPJpNEsuJjVgXexWIu2xJTxRaduIF-FNXzM2fqUBxoU7yU47kXb04fsYZhPVfPnh_bJZx0QhzAWnwHOYsFXeTLq5m3kt06FA6o-cXG_9H1dFh69pA.HI7_RaWNME1XzE5D76wPWwPjppDqs-w05VMQpqo9o2A%26dib_tag%3Dse%26keywords%3Ddell%2Blaptop%26qid%3D1723825409%26sr%3D8-114-spons%26sp_csd%3Dd2lkZ2V0TmFtZT1zcF9hdGZfbmV4dA%26psc%3D1
"Laptop Stand for Desk,Laptop Stand with Wrist Support,Computer Stand for Laptop,Ventilated Ergonomic Laptop Stand with Wrist Pad,Stand for Laptop on Desk for MacBook/HP/Dell/Acer/Lenovo(Silver)",18,4.7 out of 5 stars,,https://www.amazon.com/sspa/click?ie=UTF8&spc=MToxMjcwNTkzNzg1NTgwODEzOjE3MjM4MjU0MDk6c3BfbXRmOjMwMDE0NjUxMzI0OTQwMjo6MDo6&url=%2FNTMY-Aluminum-Ventilated-Lightweight-Ergonomic%2Fdp%2FB0CJ56RXF8%2Fref%3Dsr_1_123_sspa%3Fdib%3DeyJ2IjoiMSJ9.0QeSGt4hIiXX_9oVTK2JNVDZ-aSugvbi2gwjDMyGn3_-b_p9R533Mei1kVouftDhgSOk4pNHvhZmHde7pVZJ_hH7cCIW8GT8UNMlwznNfjhTSOOAFDhquzDVt8tPJpNEsuJjVgXexWIu2xJTxRaduIF-FNXzM2fqUBxoU7yU47kXb04fsYZhPVfPnh_bJZx0QhzAWnwHOYsFXeTLq5m3kt06FA6o-cXG_9H1dFh69pA.HI7_RaWNME1XzE5D76wPWwPjppDqs-w05VMQpqo9o2A%26dib_tag%3Dse%26keywords%3Ddell%2Blaptop%26qid%3D1723825409%26sr%3D8-123-spons%26sp_csd%3Dd2lkZ2V0TmFtZT1zcF9tdGY%26psc%3D1
"New Slim 240W GaN 19.5V 12.31A AC Power Supply Adapter Laptop Charger for Dell Alienware, Dell Precision Laptop",57,5.0 out of 5 stars,,https://www.amazon.com/sspa/click?ie=UTF8&spc=MToxMjcwNTkzNzg1NTgwODEzOjE3MjM4MjU0MDk6c3BfbXRmOjMwMDE5MTg3NTc1NjMwMjo6MDo6&url=%2F12-31A-Adapter-Charger-Alienware-Precision%2Fdp%2FB0D2N8XDGK%2Fref%3Dsr_1_124_sspa%3Fdib%3DeyJ2IjoiMSJ9.0QeSGt4hIiXX_9oVTK2JNVDZ-aSugvbi2gwjDMyGn3_-b_p9R533Mei1kVouftDhgSOk4pNHvhZmHde7pVZJ_hH7cCIW8GT8UNMlwznNfjhTSOOAFDhquzDVt8tPJpNEsuJjVgXexWIu2xJTxRaduIF-FNXzM2fqUBxoU7yU47kXb04fsYZhPVfPnh_bJZx0QhzAWnwHOYsFXeTLq5m3kt06FA6o-cXG_9H1dFh69pA.HI7_RaWNME1XzE5D76wPWwPjppDqs-w05VMQpqo9o2A%26dib_tag%3Dse%26keywords%3Ddell%2Blaptop%26qid%3D1723825409%26sr%3D8-124-spons%26sp_csd%3Dd2lkZ2V0TmFtZT1zcF9tdGY%26psc%3D1
CAR Charger for Dell Inspiron 11 13 14 15 15R 17 17R 1000 2000 3000 4000 5000 6000 7000 Series Laptop Charger - UL Listed 90w 65w 45w Extra Long 10 Ft Cord Power Supply DC,34,4.5 out of 5 stars,,https://www.amazon.com/sspa/click?ie=UTF8&spc=MToxMjcwNTkzNzg1NTgwODEzOjE3MjM4MjU0MDk6c3BfYnRmOjMwMDIyMDM0OTAxNjgwMjo6MDo6&url=%2FCHARGER-Dell-Inspiron-HK45NM140-LA45NM131-DA45NM140%2Fdp%2FB008Y58SG6%2Fref%3Dsr_1_133_sspa%3Fdib%3DeyJ2IjoiMSJ9.0QeSGt4hIiXX_9oVTK2JNVDZ-aSugvbi2gwjDMyGn3_-b_p9R533Mei1kVouftDhgSOk4pNHvhZmHde7pVZJ_hH7cCIW8GT8UNMlwznNfjhTSOOAFDhquzDVt8tPJpNEsuJjVgXexWIu2xJTxRaduIF-FNXzM2fqUBxoU7yU47kXb04fsYZhPVfPnh_bJZx0QhzAWnwHOYsFXeTLq5m3kt06FA6o-cXG_9H1dFh69pA.HI7_RaWNME1XzE5D76wPWwPjppDqs-w05VMQpqo9o2A%26dib_tag%3Dse%26keywords%3Ddell%2Blaptop%26qid%3D1723825409%26sr%3D8-133-spons%26sp_csd%3Dd2lkZ2V0TmFtZT1zcF9idGY%26psc%3D1
"Protective Case for 15.6"" Dell Latitude 15 5591 5590 5580/Dell Precision 15 3530 & ThinkPad P15 T15g/ThinkPad P15 Gen 2/ThinkPad T15g Gen 2 (Not fit ThinkPad P15s P15v T15 T15p),Black",22,3.7 out of 5 stars,,https://www.amazon.com/sspa/click?ie=UTF8&spc=MToxMjcwNTkzNzg1NTgwODEzOjE3MjM4MjU0MDk6c3BfYnRmOjIwMDAwOTM3MDY4Nzc1MTo6MDo6&url=%2FAlapmk-Protective-Latitude-Laptop-Warning%2Fdp%2FB07DBY7JML%2Fref%3Dsr_1_134_sspa%3Fdib%3DeyJ2IjoiMSJ9.0QeSGt4hIiXX_9oVTK2JNVDZ-aSugvbi2gwjDMyGn3_-b_p9R533Mei1kVouftDhgSOk4pNHvhZmHde7pVZJ_hH7cCIW8GT8UNMlwznNfjhTSOOAFDhquzDVt8tPJpNEsuJjVgXexWIu2xJTxRaduIF-FNXzM2fqUBxoU7yU47kXb04fsYZhPVfPnh_bJZx0QhzAWnwHOYsFXeTLq5m3kt06FA6o-cXG_9H1dFh69pA.HI7_RaWNME1XzE5D76wPWwPjppDqs-w05VMQpqo9o2A%26dib_tag%3Dse%26keywords%3Ddell%2Blaptop%26qid%3D1723825409%26sr%3D8-134-spons%26sp_csd%3Dd2lkZ2V0TmFtZT1zcF9idGY%26psc%3D1
"USB C Docking Station for Dell HP Surface, Docking Station Laptop Dual Monitor USB C to USB Adapter Hub HDMI Triple Display Multi Monitor Dongle with 4K HDMI,2 DP,VGA,100W Charging,3 USB 2.0",39,4.3 out of 5 stars,,https://www.amazon.com/sspa/click?ie=UTF8&spc=MToxMjI0MzMwNzcwMzY3MTM5OjE3MjM4MjU0MTY6c3BfYXRmX25leHQ6MzAwMzI5Mzk0MjI1MzAyOjowOjo&url=%2FDocking-Station-Surface-Monitor-Charging%2Fdp%2FB0D9GJ358W%2Fref%3Dsr_1_129_sspa%3Fdib%3DeyJ2IjoiMSJ9.W7pWDE29kZBdaAwCBk2KuC1z26fS5KFPxkKNJ_xcuGBVTWPu5-Zlm1uvVgGpW9XIxz8VnNUcETf3Ze_WDC-sOGhtFy71gCQSJOms7OYrIyWhAEaVtYAdoSLixh0jaT_ywr-RZXGR58FfRISV7Bsua2c3Y3EpqM_fB4GYOwXfSINkUdmtQs4wI2A1CrEH4zc0h9JbUFcljhnpLMZUlj3VREbz1XfQnLA_cQVSDApow-Q.94OpZgrb5fB5Boa11--1LauZlNfXHD-fmpDL5PmZAaI%26dib_tag%3Dse%26keywords%3Ddell%2Blaptop%26qid%3D1723825416%26sr%3D8-129-spons%26sp_csd%3Dd2lkZ2V0TmFtZT1zcF9hdGZfbmV4dA%26psc%3D1
"WD22TB4 Dell Docking Station Thunderbolt 4-1 Year Warranty, Dell Dock Station with 180W AC Adapter + HDMI Cable + DisplayPort Cable + USB-C Cable + Microfiber Cloth (New)",239,4.6 out of 5 stars,,https://www.amazon.com/sspa/click?ie=UTF8&spc=MToxMjI0MzMwNzcwMzY3MTM5OjE3MjM4MjU0MTY6c3BfYXRmX25leHQ6MzAwMTkxOTM4NjMwOTAyOjowOjo&url=%2FANYHDD-Thunderbolt-WD22TB4-Adapter-Warranty%2Fdp%2FB0CQ8FPTCH%2Fref%3Dsr_1_130_sspa%3Fdib%3DeyJ2IjoiMSJ9.W7pWDE29kZBdaAwCBk2KuC1z26fS5KFPxkKNJ_xcuGBVTWPu5-Zlm1uvVgGpW9XIxz8VnNUcETf3Ze_WDC-sOGhtFy71gCQSJOms7OYrIyWhAEaVtYAdoSLixh0jaT_ywr-RZXGR58FfRISV7Bsua2c3Y3EpqM_fB4GYOwXfSINkUdmtQs4wI2A1CrEH4zc0h9JbUFcljhnpLMZUlj3VREbz1XfQnLA_cQVSDApow-Q.94OpZgrb5fB5Boa11--1LauZlNfXHD-fmpDL5PmZAaI%26dib_tag%3Dse%26keywords%3Ddell%2Blaptop%26qid%3D1723825416%26sr%3D8-130-spons%26sp_csd%3Dd2lkZ2V0TmFtZT1zcF9hdGZfbmV4dA%26psc%3D1
"USB C Laptop Charger, 65W 45W Chromebook Charger Replacement for Lenovo HP Thinkpad/Yoga Dell Acer Asus Samsung Google Chromebook Fast Charger Type C",9,4.9 out of 5 stars,,https://www.amazon.com/sspa/click?ie=UTF8&spc=MToxMjI0MzMwNzcwMzY3MTM5OjE3MjM4MjU0MTY6c3BfbXRmOjMwMDI4MTQ1MTc0MTgwMjo6MDo6&url=%2FCharger-Chromebook-Replacement-Thinkpad-Samsung%2Fdp%2FB0CZ3XQG2K%2Fref%3Dsr_1_139_sspa%3Fdib%3DeyJ2IjoiMSJ9.W7pWDE29kZBdaAwCBk2KuC1z26fS5KFPxkKNJ_xcuGBVTWPu5-Zlm1uvVgGpW9XIxz8VnNUcETf3Ze_WDC-sOGhtFy71gCQSJOms7OYrIyWhAEaVtYAdoSLixh0jaT_ywr-RZXGR58FfRISV7Bsua2c3Y3EpqM_fB4GYOwXfSINkUdmtQs4wI2A1CrEH4zc0h9JbUFcljhnpLMZUlj3VREbz1XfQnLA_cQVSDApow-Q.94OpZgrb5fB5Boa11--1LauZlNfXHD-fmpDL5PmZAaI%26dib_tag%3Dse%26keywords%3Ddell%2Blaptop%26qid%3D1723825416%26sr%3D8-139-spons%26sp_csd%3Dd2lkZ2V0TmFtZT1zcF9tdGY%26psc%3D1
"Laptop Stand, 360 Swivel Aluminum Computer Stand Ergonomic Laptop Riser Notebook Holder Compatible with 17 inch MacBook Air Pro, Dell XPS, HP, Lenovo More Laptops,Grey",43,4.6 out of 5 stars,,https://www.amazon.com/sspa/click?ie=UTF8&spc=MToxMjI0MzMwNzcwMzY3MTM5OjE3MjM4MjU0MTY6c3BfbXRmOjIwMDEzMTE1NDI2ODY5ODo6MDo6&url=%2FMCHOSE-Aluminum-Computer-Ergonomic-Compatible%2Fdp%2FB0BPYBWG6F%2Fref%3Dsr_1_140_sspa%3Fdib%3DeyJ2IjoiMSJ9.W7pWDE29kZBdaAwCBk2KuC1z26fS5KFPxkKNJ_xcuGBVTWPu5-Zlm1uvVgGpW9XIxz8VnNUcETf3Ze_WDC-sOGhtFy71gCQSJOms7OYrIyWhAEaVtYAdoSLixh0jaT_ywr-RZXGR58FfRISV7Bsua2c3Y3EpqM_fB4GYOwXfSINkUdmtQs4wI2A1CrEH4zc0h9JbUFcljhnpLMZUlj3VREbz1XfQnLA_cQVSDApow-Q.94OpZgrb5fB5Boa11--1LauZlNfXHD-fmpDL5PmZAaI%26dib_tag%3Dse%26keywords%3Ddell%2Blaptop%26qid%3D1723825416%26sr%3D8-140-spons%26sp_csd%3Dd2lkZ2V0TmFtZT1zcF9tdGY%26psc%3D1
180W AC Adapter Charger for Dell Alienware 15 17 Dell G7 15 17 7500 7588 7590 7700 7790 G5 15 5587 5590 G3 3500 3579 Precision 7510 7520 7530 7710 M4600 M4700 M4800 M6600 DA180PM111 Power Cord,36,4.3 out of 5 stars,,https://www.amazon.com/sspa/click?ie=UTF8&spc=MToxMjI0MzMwNzcwMzY3MTM5OjE3MjM4MjU0MTY6c3BfYnRmOjIwMDAxNTc1NDU2OTMxMTo6MDo6&url=%2FAlienware-Precision-DA180PM111-OptiPlex-Inspiron%2Fdp%2FB07RZQ4RCN%2Fref%3Dsr_1_149_sspa%3Fdib%3DeyJ2IjoiMSJ9.W7pWDE29kZBdaAwCBk2KuC1z26fS5KFPxkKNJ_xcuGBVTWPu5-Zlm1uvVgGpW9XIxz8VnNUcETf3Ze_WDC-sOGhtFy71gCQSJOms7OYrIyWhAEaVtYAdoSLixh0jaT_ywr-RZXGR58FfRISV7Bsua2c3Y3EpqM_fB4GYOwXfSINkUdmtQs4wI2A1CrEH4zc0h9JbUFcljhnpLMZUlj3VREbz1XfQnLA_cQVSDApow-Q.94OpZgrb5fB5Boa11--1LauZlNfXHD-fmpDL5PmZAaI%26dib_tag%3Dse%26keywords%3Ddell%2Blaptop%26qid%3D1723825416%26sr%3D8-149-spons%26sp_csd%3Dd2lkZ2V0TmFtZT1zcF9idGY%26psc%3D1
"New Slim 65W USB C Laptop Charger for Dell Latitude 5420 5430 5520 5530 5540 7420 7430 7440 7390, XPS 13 Chromebook 3100 Power Adapter Fit for Dell Laptop Charger USB C",17,4.9 out of 5 stars,,https://www.amazon.com/sspa/click?ie=UTF8&spc=MToxMjI0MzMwNzcwMzY3MTM5OjE3MjM4MjU0MTY6c3BfYnRmOjMwMDM1MzkwMTYzOTAwMjo6MDo6&url=%2FLaptop-Charger-Latitude-Chromebook-Adapter%2Fdp%2FB0CYYKXTZ3%2Fref%3Dsr_1_150_sspa%3Fdib%3DeyJ2IjoiMSJ9.W7pWDE29kZBdaAwCBk2KuC1z26fS5KFPxkKNJ_xcuGBVTWPu5-Zlm1uvVgGpW9XIxz8VnNUcETf3Ze_WDC-sOGhtFy71gCQSJOms7OYrIyWhAEaVtYAdoSLixh0jaT_ywr-RZXGR58FfRISV7Bsua2c3Y3EpqM_fB4GYOwXfSINkUdmtQs4wI2A1CrEH4zc0h9JbUFcljhnpLMZUlj3VREbz1XfQnLA_cQVSDApow-Q.94OpZgrb5fB5Boa11--1LauZlNfXHD-fmpDL5PmZAaI%26dib_tag%3Dse%26keywords%3Ddell%2Blaptop%26qid%3D1723825416%26sr%3D8-150-spons%26sp_csd%3Dd2lkZ2V0TmFtZT1zcF9idGY%26psc%3D1
"USB C Laptop Docking Station Dual Monitor Adapter for Dell HP, 8 in 1 Docking Station 3 Monitors Hub with 2 HDMI*4K, Displayport, VGA, 3USB,100W PD, Thunderbolt 4 USB C Dock for Lenovo, Surface Black",39,4.3 out of 5 stars,,https://www.amazon.com/sspa/click?ie=UTF8&spc=MTo0ODA4OTI3NzMyOTAzOTg3OjE3MjM4MjU0MjA6c3BfYXRmX25leHQ6MzAwMzM2NjE4NTgxMjAyOjowOjo&url=%2FDocking-Station-Monitors-Displayport-Thunderbolt%2Fdp%2FB0D9GGB147%2Fref%3Dsr_1_145_sspa%3Fdib%3DeyJ2IjoiMSJ9.quWgnhGrttuF5FCuhbVd4boB97CYw5PVn9obH5K-3Fgrd5my2ru9-zFNPwzjNSrQ3NFJU-6pmrewfZJUV0NRlmPtQ1B9v5bdZtSjINh1zLIPM6p-W0sRBftuMyBkRtbhfqejTpuebt0giqe5jxoxs8NVP1g53dyXO6Vx6goj18aBzM-JiLjCNaBIhMqcwnY5K6Sn3Bm-k6IfnQCSp_0RJdUENdW1U5s2TSPAoSS3aps.X-9dACwUBaXaeCqbTZXAzg6XahgCegGM6np4XxrN2Ck%26dib_tag%3Dse%26keywords%3Ddell%2Blaptop%26qid%3D1723825420%26sr%3D8-145-spons%26sp_csd%3Dd2lkZ2V0TmFtZT1zcF9hdGZfbmV4dA%26psc%3D1
"220W USB C Charger Station, KissCall GaN III 6-Port USB C Fast Charging Station Hub, Max PD 100W Laptop Charger Port Compatible with MacBook Pro/Air, Steam Deck, Dell, iPhone 15/14/13,Galaxy S24/23",47,4.4 out of 5 stars,,https://www.amazon.com/sspa/click?ie=UTF8&spc=MTo0ODA4OTI3NzMyOTAzOTg3OjE3MjM4MjU0MjA6c3BfYXRmX25leHQ6MzAwMzE3MjQxMDAwMDAyOjowOjo&url=%2FCharger-Station-KissCall-Charging-Compatible%2Fdp%2FB0D4M3VNK5%2Fref%3Dsr_1_146_sspa%3Fdib%3DeyJ2IjoiMSJ9.quWgnhGrttuF5FCuhbVd4boB97CYw5PVn9obH5K-3Fgrd5my2ru9-zFNPwzjNSrQ3NFJU-6pmrewfZJUV0NRlmPtQ1B9v5bdZtSjINh1zLIPM6p-W0sRBftuMyBkRtbhfqejTpuebt0giqe5jxoxs8NVP1g53dyXO6Vx6goj18aBzM-JiLjCNaBIhMqcwnY5K6Sn3Bm-k6IfnQCSp_0RJdUENdW1U5s2TSPAoSS3aps.X-9dACwUBaXaeCqbTZXAzg6XahgCegGM6np4XxrN2Ck%26dib_tag%3Dse%26keywords%3Ddell%2Blaptop%26qid%3D1723825420%26sr%3D8-146-spons%26sp_csd%3Dd2lkZ2V0TmFtZT1zcF9hdGZfbmV4dA%26psc%3D1
Slim 330W 16.92A 19.5V AC Laptop Charger for DELL Alienware M17 M18X X17 X51 Area-51m G15 G16 5530 7630 7620 DA330PM190 LA330PM190 DA330PM111 LA330PM160 Power Supply Adapter Cord,86,4.7 out of 5 stars,,https://www.amazon.com/sspa/click?ie=UTF8&spc=MTo0ODA4OTI3NzMyOTAzOTg3OjE3MjM4MjU0MjA6c3BfbXRmOjMwMDA1NDA1ODU3NzQwMjo6MDo6&url=%2FAlienware-DA330PM190-LA330PM190-DA330PM111-LA330PM160%2Fdp%2FB07MGTCDVK%2Fref%3Dsr_1_155_sspa%3Fdib%3DeyJ2IjoiMSJ9.quWgnhGrttuF5FCuhbVd4boB97CYw5PVn9obH5K-3Fgrd5my2ru9-zFNPwzjNSrQ3NFJU-6pmrewfZJUV0NRlmPtQ1B9v5bdZtSjINh1zLIPM6p-W0sRBftuMyBkRtbhfqejTpuebt0giqe5jxoxs8NVP1g53dyXO6Vx6goj18aBzM-JiLjCNaBIhMqcwnY5K6Sn3Bm-k6IfnQCSp_0RJdUENdW1U5s2TSPAoSS3aps.X-9dACwUBaXaeCqbTZXAzg6XahgCegGM6np4XxrN2Ck%26dib_tag%3Dse%26keywords%3Ddell%2Blaptop%26qid%3D1723825420%26sr%3D8-155-spons%26sp_csd%3Dd2lkZ2V0TmFtZT1zcF9tdGY%26psc%3D1
"Opal Tadpole - 4K Webcam with a Clip, Built for Laptops. 4K sensor, VisiMic Directional Microphones, Works on Mac, PC and Tablets - White",149,3.7 out of 5 stars,,https://www.amazon.com/sspa/click?ie=UTF8&spc=MTo0ODA4OTI3NzMyOTAzOTg3OjE3MjM4MjU0MjA6c3BfbXRmOjMwMDMyODIyNDEzMTYwMjo6MDo6&url=%2FOpal-Tadpole-Laptops-Directional-Microphones%2Fdp%2FB0CM8V52PG%2Fref%3Dsr_1_156_sspa%3Fdib%3DeyJ2IjoiMSJ9.quWgnhGrttuF5FCuhbVd4boB97CYw5PVn9obH5K-3Fgrd5my2ru9-zFNPwzjNSrQ3NFJU-6pmrewfZJUV0NRlmPtQ1B9v5bdZtSjINh1zLIPM6p-W0sRBftuMyBkRtbhfqejTpuebt0giqe5jxoxs8NVP1g53dyXO6Vx6goj18aBzM-JiLjCNaBIhMqcwnY5K6Sn3Bm-k6IfnQCSp_0RJdUENdW1U5s2TSPAoSS3aps.X-9dACwUBaXaeCqbTZXAzg6XahgCegGM6np4XxrN2Ck%26dib_tag%3Dse%26keywords%3Ddell%2Blaptop%26qid%3D1723825420%26sr%3D8-156-spons%26sp_csd%3Dd2lkZ2V0TmFtZT1zcF9tdGY%26psc%3D1
180W 130W AC Charger Fit for Dell Dock WD19 K20A001 D6000 D6000S Docking Station Dock WD15 K17A001 Thunderbolt Dock WD19TB WD19TBS TB15 TB16 TB18DC K16A K16A001 Power Adapter Supply,37,4.5 out of 5 stars,,https://www.amazon.com/sspa/click?ie=UTF8&spc=MTo0ODA4OTI3NzMyOTAzOTg3OjE3MjM4MjU0MjA6c3BfYnRmOjMwMDM0Nzk3OTg4MDQwMjo6MDo6&url=%2FAlienware-Charger-Laptop-Adapter-Supply%2Fdp%2FB087C78KV1%2Fref%3Dsr_1_165_sspa%3Fdib%3DeyJ2IjoiMSJ9.quWgnhGrttuF5FCuhbVd4boB97CYw5PVn9obH5K-3Fgrd5my2ru9-zFNPwzjNSrQ3NFJU-6pmrewfZJUV0NRlmPtQ1B9v5bdZtSjINh1zLIPM6p-W0sRBftuMyBkRtbhfqejTpuebt0giqe5jxoxs8NVP1g53dyXO6Vx6goj18aBzM-JiLjCNaBIhMqcwnY5K6Sn3Bm-k6IfnQCSp_0RJdUENdW1U5s2TSPAoSS3aps.X-9dACwUBaXaeCqbTZXAzg6XahgCegGM6np4XxrN2Ck%26dib_tag%3Dse%26keywords%3Ddell%2Blaptop%26qid%3D1723825420%26sr%3D8-165-spons%26sp_csd%3Dd2lkZ2V0TmFtZT1zcF9idGY%26psc%3D1
240W 12.31A 19.5V DA240PM200 AC Charger [GaN Tech] for Dell Alienware M17 R1 R2 R3 R4 R5 M17X R2 R3 M18X M15 17 15 R3 R4 R5 Area-51m R2 G3 G5 G7 ADP-240GB BA Laptop Power Supply Adapter Cord,59,,,https://www.amazon.com/sspa/click?ie=UTF8&spc=MTo0ODA4OTI3NzMyOTAzOTg3OjE3MjM4MjU0MjA6c3BfYnRmOjMwMDE5OTUzMTkwNTIwMjo6MDo6&url=%2FDA240PM200-Charger-Alienware-Area-51m-ADP-240GB%2Fdp%2FB0D2RSYWJQ%2Fref%3Dsr_1_166_sspa%3Fdib%3DeyJ2IjoiMSJ9.quWgnhGrttuF5FCuhbVd4boB97CYw5PVn9obH5K-3Fgrd5my2ru9-zFNPwzjNSrQ3NFJU-6pmrewfZJUV0NRlmPtQ1B9v5bdZtSjINh1zLIPM6p-W0sRBftuMyBkRtbhfqejTpuebt0giqe5jxoxs8NVP1g53dyXO6Vx6goj18aBzM-JiLjCNaBIhMqcwnY5K6Sn3Bm-k6IfnQCSp_0RJdUENdW1U5s2TSPAoSS3aps.X-9dACwUBaXaeCqbTZXAzg6XahgCegGM6np4XxrN2Ck%26dib_tag%3Dse%26keywords%3Ddell%2Blaptop%26qid%3D1723825420%26sr%3D8-166-spons%26sp_csd%3Dd2lkZ2V0TmFtZT1zcF9idGY%26psc%3D1
"SplitExtend HDMI Splitter Extended Display for Dual Monitor - Multi-Monitor Display 3 Separate Screens - USB A & USB-C Adapter to HDMI 2.0, 4K@30Hz Output 1, 1080p Output 2 for Windows, Mac OS G",54,4.3 out of 5 stars,,https://www.amazon.com/sspa/click?ie=UTF8&spc=MTo1MDU3MzAwOTYwMjQwNjgzOjE3MjM4MjU0MjQ6c3BfYXRmX25leHQ6MjAwMTY3MDA4NDU3Nzk4OjowOjo&url=%2FOREI-SplitExtend-Splitter-Extended-Display%2Fdp%2FB0C3PFQZ4G%2Fref%3Dsr_1_161_sspa%3Fdib%3DeyJ2IjoiMSJ9.Fe7asssX6Wcy9n_XoJMVA0LZ88qQGCt_Fnc0mRA6eQqZqbbJicYRZeMSuweHe9EkDGlyRkvC7nb3D4B5h_pyJEhsm-2SuvxQPyFU2-krW3Z5pHG6SMwg0CCAhBxP1rqA97o3vBj-NtGUMMH16vlvCxIBDgxnErlORAcsoAviKeg77vgZfGZdPdfsuGGrFgLWBnT-u_cWYYT3kxzuWIIpw9e91HinwoBH24MgCHGI2u8.kK-fsiAzKHB_OyxLZyGIhfbk7qeDcinUL71yJP5kCQE%26dib_tag%3Dse%26keywords%3Ddell%2Blaptop%26qid%3D1723825424%26sr%3D8-161-spons%26sp_csd%3Dd2lkZ2V0TmFtZT1zcF9hdGZfbmV4dA%26psc%3D1
"USB C Docking Station Dual Displayport Monitor Adapter for Dell/HP/Lenovo Laptop, Laptop Docking Station 3 Monitors with HDMI 4K+2 DP+VGA USB-C Hub Quadruple Display, USB C Dock to 100W PD+3USB",39,4.2 out of 5 stars,,https://www.amazon.com/sspa/click?ie=UTF8&spc=MTo1MDU3MzAwOTYwMjQwNjgzOjE3MjM4MjU0MjQ6c3BfYXRmX25leHQ6MzAwMjU1NjkyNzEwNTAyOjowOjo&url=%2FDocking-Displayport-Quadruple-Multiple-Charging%2Fdp%2FB0CCP5VGLC%2Fref%3Dsr_1_162_sspa%3Fdib%3DeyJ2IjoiMSJ9.Fe7asssX6Wcy9n_XoJMVA0LZ88qQGCt_Fnc0mRA6eQqZqbbJicYRZeMSuweHe9EkDGlyRkvC7nb3D4B5h_pyJEhsm-2SuvxQPyFU2-krW3Z5pHG6SMwg0CCAhBxP1rqA97o3vBj-NtGUMMH16vlvCxIBDgxnErlORAcsoAviKeg77vgZfGZdPdfsuGGrFgLWBnT-u_cWYYT3kxzuWIIpw9e91HinwoBH24MgCHGI2u8.kK-fsiAzKHB_OyxLZyGIhfbk7qeDcinUL71yJP5kCQE%26dib_tag%3Dse%26keywords%3Ddell%2Blaptop%26qid%3D1723825424%26sr%3D8-162-spons%26sp_csd%3Dd2lkZ2V0TmFtZT1zcF9hdGZfbmV4dA%26psc%3D1
330W Slim AC Charger Adapter Fit for Dell Alienware M18X M17 R3 R4 X16 X17 R1 R2 X51 Dell G16 7630 7620 Dell G15 5530 Area-51m DA330PM201 DA330PM111 LA330PM190 ADP-330AB B Laptop Power Supply Cord,78,4.1 out of 5 stars,,https://www.amazon.com/sspa/click?ie=UTF8&spc=MTo1MDU3MzAwOTYwMjQwNjgzOjE3MjM4MjU0MjQ6c3BfbXRmOjMwMDE2NjMzOTI2OTQwMjo6MDo6&url=%2FAlienware-Area-51m-DA330PM111-LA330PM190-ADP-330AB%2Fdp%2FB07WY3SR1P%2Fref%3Dsr_1_171_sspa%3Fdib%3DeyJ2IjoiMSJ9.Fe7asssX6Wcy9n_XoJMVA0LZ88qQGCt_Fnc0mRA6eQqZqbbJicYRZeMSuweHe9EkDGlyRkvC7nb3D4B5h_pyJEhsm-2SuvxQPyFU2-krW3Z5pHG6SMwg0CCAhBxP1rqA97o3vBj-NtGUMMH16vlvCxIBDgxnErlORAcsoAviKeg77vgZfGZdPdfsuGGrFgLWBnT-u_cWYYT3kxzuWIIpw9e91HinwoBH24MgCHGI2u8.kK-fsiAzKHB_OyxLZyGIhfbk7qeDcinUL71yJP5kCQE%26dib_tag%3Dse%26keywords%3Ddell%2Blaptop%26qid%3D1723825424%26sr%3D8-171-spons%26sp_csd%3Dd2lkZ2V0TmFtZT1zcF9tdGY%26psc%3D1
"Thunderbolt Dock WD19TBS, 0WD19TBS",125,,,https://www.amazon.com/sspa/click?ie=UTF8&spc=MTo1MDU3MzAwOTYwMjQwNjgzOjE3MjM4MjU0MjQ6c3BfbXRmOjMwMDI1ODc5OTIwNTAwMjo6MDo6&url=%2FDell-Thunderbolt-Dock-WD19TBS-0WD19TBS%2Fdp%2FB0B82HHQ87%2Fref%3Dsr_1_172_sspa%3Fdib%3DeyJ2IjoiMSJ9.Fe7asssX6Wcy9n_XoJMVA0LZ88qQGCt_Fnc0mRA6eQqZqbbJicYRZeMSuweHe9EkDGlyRkvC7nb3D4B5h_pyJEhsm-2SuvxQPyFU2-krW3Z5pHG6SMwg0CCAhBxP1rqA97o3vBj-NtGUMMH16vlvCxIBDgxnErlORAcsoAviKeg77vgZfGZdPdfsuGGrFgLWBnT-u_cWYYT3kxzuWIIpw9e91HinwoBH24MgCHGI2u8.kK-fsiAzKHB_OyxLZyGIhfbk7qeDcinUL71yJP5kCQE%26dib_tag%3Dse%26keywords%3Ddell%2Blaptop%26qid%3D1723825424%26sr%3D8-172-spons%26sp_csd%3Dd2lkZ2V0TmFtZT1zcF9tdGY%26psc%3D1
240W 180W GaN Laptop Charger for Dell Alienware 15 17 R1 R2 R3 R4 R5 M15 M17 M11X M14X M17X M18X Precision 7670 7680 7770 7780 LA240PM200 HA240PM200 DA240PM200 AC Power Supply Adapter Cord,54,4.5 out of 5 stars,,https://www.amazon.com/sspa/click?ie=UTF8&spc=MTo1MDU3MzAwOTYwMjQwNjgzOjE3MjM4MjU0MjQ6c3BfYnRmOjMwMDIwODE4NDU3OTkwMjo6MDo6&url=%2FAlienware-Precision-LA240PM200-HA240PM200-DA240PM200%2Fdp%2FB0D3J6H1XR%2Fref%3Dsr_1_181_sspa%3Fdib%3DeyJ2IjoiMSJ9.Fe7asssX6Wcy9n_XoJMVA0LZ88qQGCt_Fnc0mRA6eQqZqbbJicYRZeMSuweHe9EkDGlyRkvC7nb3D4B5h_pyJEhsm-2SuvxQPyFU2-krW3Z5pHG6SMwg0CCAhBxP1rqA97o3vBj-NtGUMMH16vlvCxIBDgxnErlORAcsoAviKeg77vgZfGZdPdfsuGGrFgLWBnT-u_cWYYT3kxzuWIIpw9e91HinwoBH24MgCHGI2u8.kK-fsiAzKHB_OyxLZyGIhfbk7qeDcinUL71yJP5kCQE%26dib_tag%3Dse%26keywords%3Ddell%2Blaptop%26qid%3D1723825424%26sr%3D8-181-spons%26sp_csd%3Dd2lkZ2V0TmFtZT1zcF9idGY%26psc%3D1
65W USB-C Laptop Charger Replacement for Dell XPS and Latitude 3340 3440 3540 Latitude 5420 5520 5320 5340 5440 5540 7340 7440 7640 7410 7310 2-in-1 9440 2in1 Laptop - Power Cord Included,19,5.0 out of 5 stars,,https://www.amazon.com/sspa/click?ie=UTF8&spc=MTo1MDU3MzAwOTYwMjQwNjgzOjE3MjM4MjU0MjQ6c3BfYnRmOjMwMDM1MjQ5MDExOTgwMjo6MDo6&url=%2FUSB-C-Laptop-Charger-Replacement-Latitude%2Fdp%2FB0D316TL1W%2Fref%3Dsr_1_182_sspa%3Fdib%3DeyJ2IjoiMSJ9.Fe7asssX6Wcy9n_XoJMVA0LZ88qQGCt_Fnc0mRA6eQqZqbbJicYRZeMSuweHe9EkDGlyRkvC7nb3D4B5h_pyJEhsm-2SuvxQPyFU2-krW3Z5pHG6SMwg0CCAhBxP1rqA97o3vBj-NtGUMMH16vlvCxIBDgxnErlORAcsoAviKeg77vgZfGZdPdfsuGGrFgLWBnT-u_cWYYT3kxzuWIIpw9e91HinwoBH24MgCHGI2u8.kK-fsiAzKHB_OyxLZyGIhfbk7qeDcinUL71yJP5kCQE%26dib_tag%3Dse%26keywords%3Ddell%2Blaptop%26qid%3D1723825424%26sr%3D8-182-spons%26sp_csd%3Dd2lkZ2V0TmFtZT1zcF9idGY%26psc%3D1
New 180W AC Charger Fit for Dell Dock WD19 WD19TB WD19TBS D6000 D6000S Docking Station Business Monitor Dock WD15 K17A001 Power Adapter,45,,,https://www.amazon.com/sspa/click?ie=UTF8&spc=MToxOTQzNDIxNzI2MjQ5MDY1OjE3MjM4MjU0Mjg6c3BfYXRmX25leHQ6MzAwMzA2MTMxMzMyNDAyOjowOjo&url=%2FCharger-WD19TBS-Docking-Station-Business%2Fdp%2FB0D5CCH4BM%2Fref%3Dsr_1_177_sspa%3Fdib%3DeyJ2IjoiMSJ9.rgeINRKfNa13G9XvBdDsFRTKlbXVmyyBTyYOZ40aGKAsdmj1E0nIu86NqY7eo2tBYj9ZBEbvmN4smoR0-x4wSzikFmiokmyrTxQIxpEqv2kJUz5oUmAsS0n5sm8ZhLkYoOs_KnJ9dOSNnZczBdDw5J0T7Duj2iUIqbtW6CW2vm9iEWxxjPb0rlV9sVCNojzMxuAPGQ4kR86RMer5Udreh4gfx5Jp_JHx1rhGB7a-tr4.NLr8xAQC44AsVR0YxsIbu_0LE3RB4VRPTehr6X9NFCM%26dib_tag%3Dse%26keywords%3Ddell%2Blaptop%26qid%3D1723825428%26sr%3D8-177-spons%26sp_csd%3Dd2lkZ2V0TmFtZT1zcF9hdGZfbmV4dA%26psc%3D1
330W 16.92A 19.5V AC Charger for Original Dell G16 7630 for Alienware M18x M17 M17x M16 X17 Area-51m R1 R2 R3 X51 M18X-0143 ADP-330AB D DA330PM111 DA330PM190 Laptop Power Supply Adapter,63,4.6 out of 5 stars,,https://www.amazon.com/sspa/click?ie=UTF8&spc=MToxOTQzNDIxNzI2MjQ5MDY1OjE3MjM4MjU0Mjg6c3BfYXRmX25leHQ6MzAwMjEwODgyMzcxMjAyOjowOjo&url=%2FAlienware-M18X-0143-ADP-330AB-DA330PM111-DA330PM190%2Fdp%2FB0D1YQ8PVT%2Fref%3Dsr_1_178_sspa%3Fdib%3DeyJ2IjoiMSJ9.rgeINRKfNa13G9XvBdDsFRTKlbXVmyyBTyYOZ40aGKAsdmj1E0nIu86NqY7eo2tBYj9ZBEbvmN4smoR0-x4wSzikFmiokmyrTxQIxpEqv2kJUz5oUmAsS0n5sm8ZhLkYoOs_KnJ9dOSNnZczBdDw5J0T7Duj2iUIqbtW6CW2vm9iEWxxjPb0rlV9sVCNojzMxuAPGQ4kR86RMer5Udreh4gfx5Jp_JHx1rhGB7a-tr4.NLr8xAQC44AsVR0YxsIbu_0LE3RB4VRPTehr6X9NFCM%26dib_tag%3Dse%26keywords%3Ddell%2Blaptop%26qid%3D1723825428%26sr%3D8-178-spons%26sp_csd%3Dd2lkZ2V0TmFtZT1zcF9hdGZfbmV4dA%26psc%3D1
"USB C Docking Station Triple Monitor,16 in 1 Laptop Docking Station with Dual HDMI,DP 4K@60Hz Dock,10Gbps USB A/C Port,Ethernet,Audio/Mic,SD/TF,65W AC Power Adapter for Lenovo/Dell/HP/MacBook Laptops",139,4.3 out of 5 stars,,https://www.amazon.com/sspa/click?ie=UTF8&spc=MToxOTQzNDIxNzI2MjQ5MDY1OjE3MjM4MjU0Mjg6c3BfbXRmOjMwMDE1NzQyMDMzMjgwMjo6MDo6&url=%2FDocking-Station-Monitor-Ethernet-Adapter%2Fdp%2FB0CW2KYR8S%2Fref%3Dsr_1_187_sspa%3Fdib%3DeyJ2IjoiMSJ9.rgeINRKfNa13G9XvBdDsFRTKlbXVmyyBTyYOZ40aGKAsdmj1E0nIu86NqY7eo2tBYj9ZBEbvmN4smoR0-x4wSzikFmiokmyrTxQIxpEqv2kJUz5oUmAsS0n5sm8ZhLkYoOs_KnJ9dOSNnZczBdDw5J0T7Duj2iUIqbtW6CW2vm9iEWxxjPb0rlV9sVCNojzMxuAPGQ4kR86RMer5Udreh4gfx5Jp_JHx1rhGB7a-tr4.NLr8xAQC44AsVR0YxsIbu_0LE3RB4VRPTehr6X9NFCM%26dib_tag%3Dse%26keywords%3Ddell%2Blaptop%26qid%3D1723825428%26sr%3D8-187-spons%26sp_csd%3Dd2lkZ2V0TmFtZT1zcF9tdGY%26psc%3D1
"USB C Docking Station Dual Monitor Adapter for Dell HP, Laptop Docking Station 3 Monitors Quadruple Display USB C Hub Dongle to 4K HDMI+DP+VGA,3 USB2.0,100W PD, 8 in 1 USB C Dock for Lenovo,Surface",38,4.4 out of 5 stars,,https://www.amazon.com/sspa/click?ie=UTF8&spc=MToxOTQzNDIxNzI2MjQ5MDY1OjE3MjM4MjU0Mjg6c3BfbXRmOjMwMDI2ODU2MTEyNDQwMjo6MDo6&url=%2FDocking-Station-Monitor-Monitors-Quadruple%2Fdp%2FB0CRDJRZP6%2Fref%3Dsr_1_188_sspa%3Fdib%3DeyJ2IjoiMSJ9.rgeINRKfNa13G9XvBdDsFRTKlbXVmyyBTyYOZ40aGKAsdmj1E0nIu86NqY7eo2tBYj9ZBEbvmN4smoR0-x4wSzikFmiokmyrTxQIxpEqv2kJUz5oUmAsS0n5sm8ZhLkYoOs_KnJ9dOSNnZczBdDw5J0T7Duj2iUIqbtW6CW2vm9iEWxxjPb0rlV9sVCNojzMxuAPGQ4kR86RMer5Udreh4gfx5Jp_JHx1rhGB7a-tr4.NLr8xAQC44AsVR0YxsIbu_0LE3RB4VRPTehr6X9NFCM%26dib_tag%3Dse%26keywords%3Ddell%2Blaptop%26qid%3D1723825428%26sr%3D8-188-spons%26sp_csd%3Dd2lkZ2V0TmFtZT1zcF9tdGY%26psc%3D1
Genuine 330w Charger fit for dell Alienware m17 M18x X17 Alienware x51Area-51m G15 G16 5530 7630 7620 DA330PM190 LA330PM190 DA330PM111 LA330PM160 Gaming Laptop Power Supply Adapter Cord,62,2.8 out of 5 stars,,https://www.amazon.com/sspa/click?ie=UTF8&spc=MToxOTQzNDIxNzI2MjQ5MDY1OjE3MjM4MjU0Mjg6c3BfYnRmOjMwMDE4OTQ4NDIzNTMwMjo6MDo6&url=%2Fx51Area-51m-DA330PM190-LA330PM190-DA330PM111-LA330PM160%2Fdp%2FB0CVVQ696R%2Fref%3Dsr_1_197_sspa%3Fdib%3DeyJ2IjoiMSJ9.rgeINRKfNa13G9XvBdDsFRTKlbXVmyyBTyYOZ40aGKAsdmj1E0nIu86NqY7eo2tBYj9ZBEbvmN4smoR0-x4wSzikFmiokmyrTxQIxpEqv2kJUz5oUmAsS0n5sm8ZhLkYoOs_KnJ9dOSNnZczBdDw5J0T7Duj2iUIqbtW6CW2vm9iEWxxjPb0rlV9sVCNojzMxuAPGQ4kR86RMer5Udreh4gfx5Jp_JHx1rhGB7a-tr4.NLr8xAQC44AsVR0YxsIbu_0LE3RB4VRPTehr6X9NFCM%26dib_tag%3Dse%26keywords%3Ddell%2Blaptop%26qid%3D1723825428%26sr%3D8-197-spons%26sp_csd%3Dd2lkZ2V0TmFtZT1zcF9idGY%26psc%3D1
65W USB C Type C Laptop Charger Replacement for Dell Latitude 5420 5520 7420 5440 5530 7450 7430 Chromebook 3100 Dell XPS 13 9360 Fast Charger Dell AC Adapter Power Cord,20,,,https://www.amazon.com/sspa/click?ie=UTF8&spc=MToxOTQzNDIxNzI2MjQ5MDY1OjE3MjM4MjU0Mjg6c3BfYnRmOjMwMDI5OTUwMDQyNjEwMjo6MDo6&url=%2FCharger-Replacement-Latitude-Chromebook-Adapter%2Fdp%2FB0D4VD5S94%2Fref%3Dsr_1_198_sspa%3Fdib%3DeyJ2IjoiMSJ9.rgeINRKfNa13G9XvBdDsFRTKlbXVmyyBTyYOZ40aGKAsdmj1E0nIu86NqY7eo2tBYj9ZBEbvmN4smoR0-x4wSzikFmiokmyrTxQIxpEqv2kJUz5oUmAsS0n5sm8ZhLkYoOs_KnJ9dOSNnZczBdDw5J0T7Duj2iUIqbtW6CW2vm9iEWxxjPb0rlV9sVCNojzMxuAPGQ4kR86RMer5Udreh4gfx5Jp_JHx1rhGB7a-tr4.NLr8xAQC44AsVR0YxsIbu_0LE3RB4VRPTehr6X9NFCM%26dib_tag%3Dse%26keywords%3Ddell%2Blaptop%26qid%3D1723825428%26sr%3D8-198-spons%26sp_csd%3Dd2lkZ2V0TmFtZT1zcF9idGY%26psc%3D1
"268W USB C Fast Charger, 8-Port Desktop GaN III Charger, Multi Port Charging Station, PD100W Laptop Wall Charger Power Compatible with MacBook Pro DELL XPS HP Surface iPad iPhone Galaxy Android etc",39,4.5 out of 5 stars,,https://www.amazon.com/sspa/click?ie=UTF8&spc=MTo3OTM2NDM0NzIxMjQyNjg0OjE3MjM4MjU0MzM6c3BfYXRmX25leHQ6MzAwMjM5MzkzMDM1NzAyOjowOjo&url=%2FCharger-Desktop-Charging-Station-Compatible%2Fdp%2FB0D1YD7R2C%2Fref%3Dsr_1_193_sspa%3Fdib%3DeyJ2IjoiMSJ9.S-XZxX8EI4c85giPrcRp9U31Qzb6hnbXZ9DFSOUzByidgMWPXcIbmFRkYvrd7-GoQhu-rgqh35HSXZdDb43jDXOzptpXYuYbJqjKVKV-Uxkf1dnpanUfGZml8027rJGEhxIErzvBnv9Q39r_WNt_XhcJBlyZuowyyZ4z8oLCAEP61KemiFOo5IyumVenXeULCbFL0-E4u2DvMJIKylVllu3UnDCrhL8vP5nrddDZMVY.BjZrtPvnhbzyNzXF6WtwIVSmgsymJCDA6MRu4_lLawY%26dib_tag%3Dse%26keywords%3Ddell%2Blaptop%26qid%3D1723825432%26sr%3D8-193-spons%26sp_csd%3Dd2lkZ2V0TmFtZT1zcF9hdGZfbmV4dA%26psc%3D1
"Protective Case Cover for 13.3"" Dell Inspiron 13 2-in-1 5378 5368 5379 i5378 i5368 i5379 & Latitude 13 2-in-1 3390 Laptop (Warning:Only fit model 5378 5368 5379),Love Tree",21,4.1 out of 5 stars,,https://www.amazon.com/sspa/click?ie=UTF8&spc=MTo3OTM2NDM0NzIxMjQyNjg0OjE3MjM4MjU0MzM6c3BfYXRmX25leHQ6MjAwMDE2ODAyNDkwOTUxOjowOjo&url=%2FAlapmk-Protective-Inspiron-Laptop-Warning%2Fdp%2FB07CM25HPZ%2Fref%3Dsr_1_194_sspa%3Fdib%3DeyJ2IjoiMSJ9.S-XZxX8EI4c85giPrcRp9U31Qzb6hnbXZ9DFSOUzByidgMWPXcIbmFRkYvrd7-GoQhu-rgqh35HSXZdDb43jDXOzptpXYuYbJqjKVKV-Uxkf1dnpanUfGZml8027rJGEhxIErzvBnv9Q39r_WNt_XhcJBlyZuowyyZ4z8oLCAEP61KemiFOo5IyumVenXeULCbFL0-E4u2DvMJIKylVllu3UnDCrhL8vP5nrddDZMVY.BjZrtPvnhbzyNzXF6WtwIVSmgsymJCDA6MRu4_lLawY%26dib_tag%3Dse%26keywords%3Ddell%2Blaptop%26qid%3D1723825432%26sr%3D8-194-spons%26sp_csd%3Dd2lkZ2V0TmFtZT1zcF9hdGZfbmV4dA%26psc%3D1
"USB C Fast Charger Block:160W GaN USB C Charger Fast 6 Ports PD Charging Station, 65W Laptop Charger,Fast Wall Charger Compatible with MacBook Pro/Air,DELL,HP Surface,iPhone 15/14/13,Samsung Note",16,4.2 out of 5 stars,,https://www.amazon.com/sspa/click?ie=UTF8&spc=MTo3OTM2NDM0NzIxMjQyNjg0OjE3MjM4MjU0MzM6c3BfbXRmOjMwMDIzNDEyNjg4OTYwMjo6MDo6&url=%2FUSB-Fast-Charger-Block-Compatible%2Fdp%2FB0D5CTWV6D%2Fref%3Dsr_1_203_sspa%3Fdib%3DeyJ2IjoiMSJ9.S-XZxX8EI4c85giPrcRp9U31Qzb6hnbXZ9DFSOUzByidgMWPXcIbmFRkYvrd7-GoQhu-rgqh35HSXZdDb43jDXOzptpXYuYbJqjKVKV-Uxkf1dnpanUfGZml8027rJGEhxIErzvBnv9Q39r_WNt_XhcJBlyZuowyyZ4z8oLCAEP61KemiFOo5IyumVenXeULCbFL0-E4u2DvMJIKylVllu3UnDCrhL8vP5nrddDZMVY.BjZrtPvnhbzyNzXF6WtwIVSmgsymJCDA6MRu4_lLawY%26dib_tag%3Dse%26keywords%3Ddell%2Blaptop%26qid%3D1723825432%26sr%3D8-203-spons%26sp_csd%3Dd2lkZ2V0TmFtZT1zcF9tdGY%26psc%3D1
"180W 19.5V 9.23A AC Adapter Laptop Charger (Power Supply) Replacement for Dell 7520, G7 15 (7588), G3 15 (3579) G3 17 (3779), G5 15 (5587), NDFTY, 450-AGCU, 45G4G with Power Cord",28,3.3 out of 5 stars,,https://www.amazon.com/sspa/click?ie=UTF8&spc=MTo3OTM2NDM0NzIxMjQyNjg0OjE3MjM4MjU0MzM6c3BfbXRmOjIwMDE0NDUwNTg4Nzg5ODo6MDo6&url=%2FAdapter-Laptop-Charger-Replacement-450-AGCU%2Fdp%2FB0BQM8TL7Q%2Fref%3Dsr_1_204_sspa%3Fdib%3DeyJ2IjoiMSJ9.S-XZxX8EI4c85giPrcRp9U31Qzb6hnbXZ9DFSOUzByidgMWPXcIbmFRkYvrd7-GoQhu-rgqh35HSXZdDb43jDXOzptpXYuYbJqjKVKV-Uxkf1dnpanUfGZml8027rJGEhxIErzvBnv9Q39r_WNt_XhcJBlyZuowyyZ4z8oLCAEP61KemiFOo5IyumVenXeULCbFL0-E4u2DvMJIKylVllu3UnDCrhL8vP5nrddDZMVY.BjZrtPvnhbzyNzXF6WtwIVSmgsymJCDA6MRu4_lLawY%26dib_tag%3Dse%26keywords%3Ddell%2Blaptop%26qid%3D1723825432%26sr%3D8-204-spons%26sp_csd%3Dd2lkZ2V0TmFtZT1zcF9tdGY%26psc%3D1
"USB C Docking Station Triple Monitor,15 in 1 USB C Dock Laptop Docking Station with Dual HDMI DP 4K@60Hz, 8 USB Ports Max 10Gbps,65W AC Power Adapter,TF/SD Card,Type C hub for MacBook Pro/Air Windows",139,4.0 out of 5 stars,,https://www.amazon.com/sspa/click?ie=UTF8&spc=MTo3OTM2NDM0NzIxMjQyNjg0OjE3MjM4MjU0MzM6c3BfYnRmOjIwMDE2NjU2OTQ4MTg5ODo6MDo6&url=%2FDocking-Station-Monitor-Adapter-MacBook%2Fdp%2FB0C1V8RHDV%2Fref%3Dsr_1_213_sspa%3Fdib%3DeyJ2IjoiMSJ9.S-XZxX8EI4c85giPrcRp9U31Qzb6hnbXZ9DFSOUzByidgMWPXcIbmFRkYvrd7-GoQhu-rgqh35HSXZdDb43jDXOzptpXYuYbJqjKVKV-Uxkf1dnpanUfGZml8027rJGEhxIErzvBnv9Q39r_WNt_XhcJBlyZuowyyZ4z8oLCAEP61KemiFOo5IyumVenXeULCbFL0-E4u2DvMJIKylVllu3UnDCrhL8vP5nrddDZMVY.BjZrtPvnhbzyNzXF6WtwIVSmgsymJCDA6MRu4_lLawY%26dib_tag%3Dse%26keywords%3Ddell%2Blaptop%26qid%3D1723825432%26sr%3D8-213-spons%26sp_csd%3Dd2lkZ2V0TmFtZT1zcF9idGY%26psc%3D1
180W GaN Charger for Dell Precision 7680 7670 7770 7780 DA180PM210 LA180PM210 HA180PM210 Laptop Adapter,49,5.0 out of 5 stars,,https://www.amazon.com/sspa/click?ie=UTF8&spc=MTo3OTM2NDM0NzIxMjQyNjg0OjE3MjM4MjU0MzM6c3BfYnRmOjMwMDM1NjU4NTAxMDEwMjo6MDo6&url=%2FCharger-Precision-DA180PM210-LA180PM210-HA180PM210%2Fdp%2FB0D3X1YXLC%2Fref%3Dsr_1_214_sspa%3Fdib%3DeyJ2IjoiMSJ9.S-XZxX8EI4c85giPrcRp9U31Qzb6hnbXZ9DFSOUzByidgMWPXcIbmFRkYvrd7-GoQhu-rgqh35HSXZdDb43jDXOzptpXYuYbJqjKVKV-Uxkf1dnpanUfGZml8027rJGEhxIErzvBnv9Q39r_WNt_XhcJBlyZuowyyZ4z8oLCAEP61KemiFOo5IyumVenXeULCbFL0-E4u2DvMJIKylVllu3UnDCrhL8vP5nrddDZMVY.BjZrtPvnhbzyNzXF6WtwIVSmgsymJCDA6MRu4_lLawY%26dib_tag%3Dse%26keywords%3Ddell%2Blaptop%26qid%3D1723825432%26sr%3D8-214-spons%26sp_csd%3Dd2lkZ2V0TmFtZT1zcF9idGY%26psc%3D1
for Dell Inspiron 15 7590 7591 2-in-1 LCD Touch Screen Display Digitizer Assembly UHD 3840x2160 IPS 4K LCD Touch Screen Display Digitizer Assembly Bezel (Not 1920x1080 FHD),199,,,https://www.amazon.com/sspa/click?ie=UTF8&spc=MToxMTIzMTcxMzM3ODY1MDg1OjE3MjM4MjU0MzU6c3BfYXRmX25leHQ6MzAwMDA4MzQ4MDUwMzAyOjowOjo&url=%2FHPDELGB-Inspiron-Digitizer-3840x2160-1920x1080%2Fdp%2FB0C788YLQ6%2Fref%3Dsr_1_209_sspa%3Fdib%3DeyJ2IjoiMSJ9.l_7mT8rrtyGMccDIuQ1qlCvTKnP0RQ9TUsKt0hkh61iV9GeSsiDRIOEyJDWx76PM3_8rNCkYtVdxYjKd0ZP2WmSg0nZl2_KD9jAzxlCMvGH4uVnmrZMHWP5zzUFTl5phuwNm8zr6cN-gMCoC3ZWchTE6wSaxvsE7tWHTBqYDUJqNXLzX7-4vhvR0FNhfT6C5fiRMiRbZAK8mooFbvSHzvNhmBkokelwYwM2oZplpBEY.yUGroV6U08uh--3Y0P2QkuPCuAjhxI6BcsdX4CljK_g%26dib_tag%3Dse%26keywords%3Ddell%2Blaptop%26qid%3D1723825435%26sr%3D8-209-spons%26sp_csd%3Dd2lkZ2V0TmFtZT1zcF9hdGZfbmV4dA%26psc%3D1
"USB C Charger Block CALCINI 2 Pack GAN 65W USB C Charger Fast Type C Charger for Laptop Charger Power Adapter MacBook Pro/Air, GalaxyS21/S20, Dell XP S13, Note 20/10+, Phone15/Mini iPad,Pixel",29,4.6 out of 5 stars,,https://www.amazon.com/sspa/click?ie=UTF8&spc=MToxMTIzMTcxMzM3ODY1MDg1OjE3MjM4MjU0MzU6c3BfYXRmX25leHQ6MzAwMDcxNzMwNjUyNzAyOjowOjo&url=%2FCharger-CALCINI-Compact-Adapter-GalaxyS21%2Fdp%2FB0CHYFSCVN%2Fref%3Dsr_1_210_sspa%3Fdib%3DeyJ2IjoiMSJ9.l_7mT8rrtyGMccDIuQ1qlCvTKnP0RQ9TUsKt0hkh61iV9GeSsiDRIOEyJDWx76PM3_8rNCkYtVdxYjKd0ZP2WmSg0nZl2_KD9jAzxlCMvGH4uVnmrZMHWP5zzUFTl5phuwNm8zr6cN-gMCoC3ZWchTE6wSaxvsE7tWHTBqYDUJqNXLzX7-4vhvR0FNhfT6C5fiRMiRbZAK8mooFbvSHzvNhmBkokelwYwM2oZplpBEY.yUGroV6U08uh--3Y0P2QkuPCuAjhxI6BcsdX4CljK_g%26dib_tag%3Dse%26keywords%3Ddell%2Blaptop%26qid%3D1723825435%26sr%3D8-210-spons%26sp_csd%3Dd2lkZ2V0TmFtZT1zcF9hdGZfbmV4dA%26psc%3D1
Dell WD19TBS Thunderbolt Docking Station Future/Office Ready Bundle Package with Dell WD19TBS Universal Dock + 180W Power Adapter + DisplayPort Cable + Microfiber Cleaning Cloth + Mouse Pad (Renewed),135,,,https://www.amazon.com/sspa/click?ie=UTF8&spc=MToxMTIzMTcxMzM3ODY1MDg1OjE3MjM4MjU0MzU6c3BfbXRmOjMwMDE3Mzc4NjAxNzEwMjo6MDo6&url=%2FThunderbolt-Universal-DisplayPort-Microfiber-Cleaning%2Fdp%2FB0D2PPM45L%2Fref%3Dsr_1_219_sspa%3Fdib%3DeyJ2IjoiMSJ9.l_7mT8rrtyGMccDIuQ1qlCvTKnP0RQ9TUsKt0hkh61iV9GeSsiDRIOEyJDWx76PM3_8rNCkYtVdxYjKd0ZP2WmSg0nZl2_KD9jAzxlCMvGH4uVnmrZMHWP5zzUFTl5phuwNm8zr6cN-gMCoC3ZWchTE6wSaxvsE7tWHTBqYDUJqNXLzX7-4vhvR0FNhfT6C5fiRMiRbZAK8mooFbvSHzvNhmBkokelwYwM2oZplpBEY.yUGroV6U08uh--3Y0P2QkuPCuAjhxI6BcsdX4CljK_g%26dib_tag%3Dse%26keywords%3Ddell%2Blaptop%26qid%3D1723825435%26sr%3D8-219-spons%26sp_csd%3Dd2lkZ2V0TmFtZT1zcF9tdGY%26psc%3D1
"Original 90W USB C Type C Laptop Charger for Dell XPS 13 Precision 3540 Latitude 5520 5400 3400 3500 5410 5430 7300 5550 5300 2in1,7400 2in1,7390 2in1,7200 2in1,0TDK33 AC Adapter Power Cord",30,4.3 out of 5 stars,,https://www.amazon.com/sspa/click?ie=UTF8&spc=MToxMTIzMTcxMzM3ODY1MDg1OjE3MjM4MjU0MzU6c3BfbXRmOjMwMDIxMjgxMjA1OTQwMjo6MDo6&url=%2FLA90PM170-DA90PM170-DA65NM170-Latitude-Precision%2Fdp%2FB0CQCBCMRB%2Fref%3Dsr_1_220_sspa%3Fdib%3DeyJ2IjoiMSJ9.l_7mT8rrtyGMccDIuQ1qlCvTKnP0RQ9TUsKt0hkh61iV9GeSsiDRIOEyJDWx76PM3_8rNCkYtVdxYjKd0ZP2WmSg0nZl2_KD9jAzxlCMvGH4uVnmrZMHWP5zzUFTl5phuwNm8zr6cN-gMCoC3ZWchTE6wSaxvsE7tWHTBqYDUJqNXLzX7-4vhvR0FNhfT6C5fiRMiRbZAK8mooFbvSHzvNhmBkokelwYwM2oZplpBEY.yUGroV6U08uh--3Y0P2QkuPCuAjhxI6BcsdX4CljK_g%26dib_tag%3Dse%26keywords%3Ddell%2Blaptop%26qid%3D1723825435%26sr%3D8-220-spons%26sp_csd%3Dd2lkZ2V0TmFtZT1zcF9tdGY%26psc%3D1
330W 19.5V 16.92A GaN AC Charger for Dell G16 7630 7620 G15 Alienwar X51 X17 R1 R2 M17 R3 R4 M18x R1 R2 R3 Area-51m R1 R2 ADP-330AB D DA330PM111 DA330PM190 LA330PM190 Laptop Power Supply Cord,82,4.2 out of 5 stars,,https://www.amazon.com/sspa/click?ie=UTF8&spc=MToxMTIzMTcxMzM3ODY1MDg1OjE3MjM4MjU0MzU6c3BfYnRmOjMwMDA0NjE3OTQ0NzAwMjo6MDo6&url=%2FAlienwar-ADP-330AB-DA330PM111-DA330PM190-LA330PM190%2Fdp%2FB0CFGMWXFC%2Fref%3Dsr_1_229_sspa%3Fdib%3DeyJ2IjoiMSJ9.l_7mT8rrtyGMccDIuQ1qlCvTKnP0RQ9TUsKt0hkh61iV9GeSsiDRIOEyJDWx76PM3_8rNCkYtVdxYjKd0ZP2WmSg0nZl2_KD9jAzxlCMvGH4uVnmrZMHWP5zzUFTl5phuwNm8zr6cN-gMCoC3ZWchTE6wSaxvsE7tWHTBqYDUJqNXLzX7-4vhvR0FNhfT6C5fiRMiRbZAK8mooFbvSHzvNhmBkokelwYwM2oZplpBEY.yUGroV6U08uh--3Y0P2QkuPCuAjhxI6BcsdX4CljK_g%26dib_tag%3Dse%26keywords%3Ddell%2Blaptop%26qid%3D1723825435%26sr%3D8-229-spons%26sp_csd%3Dd2lkZ2V0TmFtZT1zcF9idGY%26psc%3D1
"Protective Case Cover for 13.3"" Dell Inspiron 13 2-in-1 5378 5368 5379 i5378 i5368 i5379 & Latitude 13 2-in-1 3390 Laptop (Warning:Only fit model 5378 5368 5379),Galaxy",21,4.1 out of 5 stars,,https://www.amazon.com/sspa/click?ie=UTF8&spc=MToxMTIzMTcxMzM3ODY1MDg1OjE3MjM4MjU0MzU6c3BfYnRmOjIwMDAwOTU0NzMyNjM1MTo6MDo6&url=%2FAlapmk-Protective-Inspiron-Laptop-Warning%2Fdp%2FB07CLY1PRF%2Fref%3Dsr_1_230_sspa%3Fdib%3DeyJ2IjoiMSJ9.l_7mT8rrtyGMccDIuQ1qlCvTKnP0RQ9TUsKt0hkh61iV9GeSsiDRIOEyJDWx76PM3_8rNCkYtVdxYjKd0ZP2WmSg0nZl2_KD9jAzxlCMvGH4uVnmrZMHWP5zzUFTl5phuwNm8zr6cN-gMCoC3ZWchTE6wSaxvsE7tWHTBqYDUJqNXLzX7-4vhvR0FNhfT6C5fiRMiRbZAK8mooFbvSHzvNhmBkokelwYwM2oZplpBEY.yUGroV6U08uh--3Y0P2QkuPCuAjhxI6BcsdX4CljK_g%26dib_tag%3Dse%26keywords%3Ddell%2Blaptop%26qid%3D1723825435%26sr%3D8-230-spons%26sp_csd%3Dd2lkZ2V0TmFtZT1zcF9idGY%26psc%3D1
"D6000 Universal Docking Station,Up to Triple 4K or Single 5K Display by USB-C,Compatibility with Windows and MacOS,with 1 HDMI, 2 DisplayPort,1Gb Ethernet,4 USB3.0-A 1 Type-C,1 Audio,1 Speaker Out",199,,,https://www.amazon.com/sspa/click?ie=UTF8&spc=MTo3NzgxNTAyNDUyNDQ1NDk1OjE3MjM4MjU0Mzc6c3BfYXRmX25leHQ6MzAwMTUyODE1MDUzNzAyOjowOjo&url=%2FUniversal-Docking-Compatibility-DisplayPort-Ethernet%2Fdp%2FB0CXSRMQ5X%2Fref%3Dsr_1_225_sspa%3Fdib%3DeyJ2IjoiMSJ9.g9WaS4cMLTS2Vuq5putkGMAya6nAVajRzgqtmQPxH99jGnN3lqmx0mrXWJpCocEjpYXy7rfkdWKPxHlzHWyJCDFeqEZZpqpcKTx9VdstyLmkiSks66ma-I9rvetnadlCNhIrQ5Z_rfK_PFeUXxBvtNQcRfE1k-Jsi0WsYumRvdPV1XBDDW7OaxLR3Gb3l6LIWH3zOrE8GucKiI8Epy2FIAaDjMqvLy9dK8QCwKLyPhM.ifSeuYobE6FvNlfZk2268buAo1TVUWjIOXGreXGvy94%26dib_tag%3Dse%26keywords%3Ddell%2Blaptop%26qid%3D1723825437%26sr%3D8-225-spons%26sp_csd%3Dd2lkZ2V0TmFtZT1zcF9hdGZfbmV4dA%26psc%3D1
Dell Performance Dock WD19DCS Bundle with 240W Power Adapter (Provides 210W Power Delivery; 90W to Non-Dell Systems) No 3.5mm Ports + Starter Kit Bundle,214,,,https://www.amazon.com/sspa/click?ie=UTF8&spc=MTo3NzgxNTAyNDUyNDQ1NDk1OjE3MjM4MjU0Mzc6c3BfYXRmX25leHQ6MzAwMjA2OTUxMjAzNTAyOjowOjo&url=%2FPerformance-WD19DCS-Provides-Delivery-Non-Dell%2Fdp%2FB0D4CDSV21%2Fref%3Dsr_1_226_sspa%3Fdib%3DeyJ2IjoiMSJ9.g9WaS4cMLTS2Vuq5putkGMAya6nAVajRzgqtmQPxH99jGnN3lqmx0mrXWJpCocEjpYXy7rfkdWKPxHlzHWyJCDFeqEZZpqpcKTx9VdstyLmkiSks66ma-I9rvetnadlCNhIrQ5Z_rfK_PFeUXxBvtNQcRfE1k-Jsi0WsYumRvdPV1XBDDW7OaxLR3Gb3l6LIWH3zOrE8GucKiI8Epy2FIAaDjMqvLy9dK8QCwKLyPhM.ifSeuYobE6FvNlfZk2268buAo1TVUWjIOXGreXGvy94%26dib_tag%3Dse%26keywords%3Ddell%2Blaptop%26qid%3D1723825437%26sr%3D8-226-spons%26sp_csd%3Dd2lkZ2V0TmFtZT1zcF9hdGZfbmV4dA%26psc%3D1
"Dell WD19S 130W Docking Station(90W Power Delivery) (USB, USB-C, DisplayPort, HDMI, Ethernet Ports) Future/Office Ready. Package with Dell WD19S + DP Cable + Microfiber Cloth + Mouse Pad (Renewed)",119,,,https://www.amazon.com/sspa/click?ie=UTF8&spc=MTo3NzgxNTAyNDUyNDQ1NDk1OjE3MjM4MjU0Mzc6c3BfbXRmOjMwMDE4MTc1MzE0MjUwMjo6MDo6&url=%2FDocking-Delivery-DisplayPort-Ethernet-Microfiber%2Fdp%2FB0D3BGYN8J%2Fref%3Dsr_1_235_sspa%3Fdib%3DeyJ2IjoiMSJ9.g9WaS4cMLTS2Vuq5putkGMAya6nAVajRzgqtmQPxH99jGnN3lqmx0mrXWJpCocEjpYXy7rfkdWKPxHlzHWyJCDFeqEZZpqpcKTx9VdstyLmkiSks66ma-I9rvetnadlCNhIrQ5Z_rfK_PFeUXxBvtNQcRfE1k-Jsi0WsYumRvdPV1XBDDW7OaxLR3Gb3l6LIWH3zOrE8GucKiI8Epy2FIAaDjMqvLy9dK8QCwKLyPhM.ifSeuYobE6FvNlfZk2268buAo1TVUWjIOXGreXGvy94%26dib_tag%3Dse%26keywords%3Ddell%2Blaptop%26qid%3D1723825437%26sr%3D8-235-spons%26sp_csd%3Dd2lkZ2V0TmFtZT1zcF9tdGY%26psc%3D1
"16"" Laptop 12+512GB Celeron N5095 (Up to 2.9Ghz) 4-Core Win 11 PC with Cooling Fan 1920 * 1200 2K Screen Dual WiFi Support 2.5"" HDD 1TB SSD Expand for Business Study-Red",409,4.3 out of 5 stars,,https://www.amazon.com/sspa/click?ie=UTF8&spc=MTo3NzgxNTAyNDUyNDQ1NDk1OjE3MjM4MjU0Mzc6c3BfbXRmOjMwMDIwMTUyNTYwMDEwMjo6MDo6&url=%2FRuzava-Celeron-Cooling-Support-Study-Red%2Fdp%2FB0C43M5BDX%2Fref%3Dsr_1_236_sspa%3Fdib%3DeyJ2IjoiMSJ9.g9WaS4cMLTS2Vuq5putkGMAya6nAVajRzgqtmQPxH99jGnN3lqmx0mrXWJpCocEjpYXy7rfkdWKPxHlzHWyJCDFeqEZZpqpcKTx9VdstyLmkiSks66ma-I9rvetnadlCNhIrQ5Z_rfK_PFeUXxBvtNQcRfE1k-Jsi0WsYumRvdPV1XBDDW7OaxLR3Gb3l6LIWH3zOrE8GucKiI8Epy2FIAaDjMqvLy9dK8QCwKLyPhM.ifSeuYobE6FvNlfZk2268buAo1TVUWjIOXGreXGvy94%26dib_tag%3Dse%26keywords%3Ddell%2Blaptop%26qid%3D1723825437%26sr%3D8-236-spons%26sp_csd%3Dd2lkZ2V0TmFtZT1zcF9tdGY%26psc%3D1
New Slim 240W 180W Laptop Charger for Dell Alienware 15 17 M15X M17X X15 X16 X17 Precision 7670 7750 7730 7550 7780 7680 7770 7760 Dell G3 G5 G7 19.5V 12.3A AC Adapter Power Supply Cord,50,5.0 out of 5 stars,,https://www.amazon.com/sspa/click?ie=UTF8&spc=MTo3NzgxNTAyNDUyNDQ1NDk1OjE3MjM4MjU0Mzc6c3BfYnRmOjMwMDMyNTgzMDQ1NTMwMjo6MDo6&url=%2FCharger-Precision-D16S001-D16U001-Workstations%2Fdp%2FB0CFHW2YVM%2Fref%3Dsr_1_245_sspa%3Fdib%3DeyJ2IjoiMSJ9.g9WaS4cMLTS2Vuq5putkGMAya6nAVajRzgqtmQPxH99jGnN3lqmx0mrXWJpCocEjpYXy7rfkdWKPxHlzHWyJCDFeqEZZpqpcKTx9VdstyLmkiSks66ma-I9rvetnadlCNhIrQ5Z_rfK_PFeUXxBvtNQcRfE1k-Jsi0WsYumRvdPV1XBDDW7OaxLR3Gb3l6LIWH3zOrE8GucKiI8Epy2FIAaDjMqvLy9dK8QCwKLyPhM.ifSeuYobE6FvNlfZk2268buAo1TVUWjIOXGreXGvy94%26dib_tag%3Dse%26keywords%3Ddell%2Blaptop%26qid%3D1723825437%26sr%3D8-245-spons%26sp_csd%3Dd2lkZ2V0TmFtZT1zcF9idGY%26psc%3D1
Laptop Charger for Dell-Inspiron 15-3000 15-5000 15-7000 11-3000 13-5000 13-7000 17-5000 XPS 13 Series 5559 5558 5755 5758 Extra Long AC Adapter Power Cord UL Listed,17,4.4 out of 5 stars,,https://www.amazon.com/sspa/click?ie=UTF8&spc=MTo3NzgxNTAyNDUyNDQ1NDk1OjE3MjM4MjU0Mzc6c3BfYnRmOjMwMDA4ODA3ODYxMjQwMjo6MDo6&url=%2FPWR-Listed-Adapter-Dell-Inspiron-Charger%2Fdp%2FB004HGLAFW%2Fref%3Dsr_1_246_sspa%3Fdib%3DeyJ2IjoiMSJ9.g9WaS4cMLTS2Vuq5putkGMAya6nAVajRzgqtmQPxH99jGnN3lqmx0mrXWJpCocEjpYXy7rfkdWKPxHlzHWyJCDFeqEZZpqpcKTx9VdstyLmkiSks66ma-I9rvetnadlCNhIrQ5Z_rfK_PFeUXxBvtNQcRfE1k-Jsi0WsYumRvdPV1XBDDW7OaxLR3Gb3l6LIWH3zOrE8GucKiI8Epy2FIAaDjMqvLy9dK8QCwKLyPhM.ifSeuYobE6FvNlfZk2268buAo1TVUWjIOXGreXGvy94%26dib_tag%3Dse%26keywords%3Ddell%2Blaptop%26qid%3D1723825437%26sr%3D8-246-spons%26sp_csd%3Dd2lkZ2V0TmFtZT1zcF9idGY%26psc%3D1
"Docking Station Dual Monitor 14 in 1. for MacBook Pro/Air, Dell, Lenovo, HP - 4K HDMI, VGA, Ethernet RJ 4;5 SD/MicroSD Card Reader; 2 USB 2.0; 3 USB 3.0; 2 USB-C Data; 1 USB-C PD & Audio Jack",41,3.9 out of 5 stars,,https://www.amazon.com/sspa/click?ie=UTF8&spc=MTo2ODU2NDI5NTgxMDYyNzQ5OjE3MjM4MjU0NDM6c3BfYXRmX25leHQ6MzAwMjEzNDQwODYzMzAyOjowOjo&url=%2FUSB-C-Dual-Monitor-Macbook-Lenovo%2Fdp%2FB09HY3FJZ6%2Fref%3Dsr_1_241_sspa%3Fdib%3DeyJ2IjoiMSJ9.S970BMxYfhC0EhGBEzhG_FXqxwYDH4pozVKzO9BpjDR1G6rEaOGMyHAjEv0gVx5quBVsvbomVacsUP4x1MWaGqF6_LdydKS2sDqXEs3bZfrKOZ23UgPHQqpn7oaiNq2-lDG3njS2bu212OR2yCus7r13BWFjrmCfgH6PmQhG0GA1eW6R5-IRkm0xCAU2uNKAGIaWbMbXy9Cf4Vm35ar6zEjdyIR2QQac0NzPITUHylQ.6V5m2Ne2GmyCswfiRDnki0T7EFGp78agoQXYYXUog2o%26dib_tag%3Dse%26keywords%3Ddell%2Blaptop%26qid%3D1723825443%26sr%3D8-241-spons%26sp_csd%3Dd2lkZ2V0TmFtZT1zcF9hdGZfbmV4dA%26psc%3D1
90W USB C Charger for Dell Latitude 5420 5520 5410 5510 5530 7400 5531 7430 5310 5511 7300 7330 5330 9430 Precision 5570 3571 3560 3561 XPS 15 9500 9510 9520 17 9700 9710 AC Adapter Laptop Charger,30,4.8 out of 5 stars,,https://www.amazon.com/sspa/click?ie=UTF8&spc=MTo2ODU2NDI5NTgxMDYyNzQ5OjE3MjM4MjU0NDM6c3BfYXRmX25leHQ6MzAwMzE2MTgwMzM3MDAyOjowOjo&url=%2FCharger-Latitude-Precision-Adapter-Laptop%2Fdp%2FB0CRH94P34%2Fref%3Dsr_1_242_sspa%3Fdib%3DeyJ2IjoiMSJ9.S970BMxYfhC0EhGBEzhG_FXqxwYDH4pozVKzO9BpjDR1G6rEaOGMyHAjEv0gVx5quBVsvbomVacsUP4x1MWaGqF6_LdydKS2sDqXEs3bZfrKOZ23UgPHQqpn7oaiNq2-lDG3njS2bu212OR2yCus7r13BWFjrmCfgH6PmQhG0GA1eW6R5-IRkm0xCAU2uNKAGIaWbMbXy9Cf4Vm35ar6zEjdyIR2QQac0NzPITUHylQ.6V5m2Ne2GmyCswfiRDnki0T7EFGp78agoQXYYXUog2o%26dib_tag%3Dse%26keywords%3Ddell%2Blaptop%26qid%3D1723825443%26sr%3D8-242-spons%26sp_csd%3Dd2lkZ2V0TmFtZT1zcF9hdGZfbmV4dA%26psc%3D1
"G15 5530 Gaming Laptop, Intel Core i7-13650HX, 32 GB DDR5 Ram, 1TB PCIe SSD, 15.6"" FHD (1920x1200), Nvidia Geforce RTX 4060, Windows 11 Home","1,299",4.3 out of 5 stars,,https://www.amazon.com/sspa/click?ie=UTF8&spc=MTo2ODU2NDI5NTgxMDYyNzQ5OjE3MjM4MjU0NDM6c3BfbXRmOjMwMDE2NDcyNDk2NzAwMjo6MDo6&url=%2FDell-G15-i7-13650HX-Display-Keyboard%2Fdp%2FB0CCJRM63X%2Fref%3Dsr_1_251_sspa%3Fdib%3DeyJ2IjoiMSJ9.S970BMxYfhC0EhGBEzhG_FXqxwYDH4pozVKzO9BpjDR1G6rEaOGMyHAjEv0gVx5quBVsvbomVacsUP4x1MWaGqF6_LdydKS2sDqXEs3bZfrKOZ23UgPHQqpn7oaiNq2-lDG3njS2bu212OR2yCus7r13BWFjrmCfgH6PmQhG0GA1eW6R5-IRkm0xCAU2uNKAGIaWbMbXy9Cf4Vm35ar6zEjdyIR2QQac0NzPITUHylQ.6V5m2Ne2GmyCswfiRDnki0T7EFGp78agoQXYYXUog2o%26dib_tag%3Dse%26keywords%3Ddell%2Blaptop%26qid%3D1723825443%26sr%3D8-251-spons%26sp_csd%3Dd2lkZ2V0TmFtZT1zcF9tdGY%26psc%3D1
"14"" Laptop 8GB DDR4 256GB SSD Celeron N5095 (Up to 2.9Ghz) 4-Core Win 11 PC with Cooling Fan 1920 * 1200 2K FHD Screen Dual WiFi Support 1TB SSD Expand for Business Study-Blue",345,4.0 out of 5 stars,,https://www.amazon.com/sspa/click?ie=UTF8&spc=MTo2ODU2NDI5NTgxMDYyNzQ5OjE3MjM4MjU0NDM6c3BfbXRmOjMwMDIzMjU0OTU1MTkwMjo6MDo6&url=%2FRuzava-Windows-Cooling-Support-Study-Blue%2Fdp%2FB0B3HMT65Z%2Fref%3Dsr_1_252_sspa%3Fdib%3DeyJ2IjoiMSJ9.S970BMxYfhC0EhGBEzhG_FXqxwYDH4pozVKzO9BpjDR1G6rEaOGMyHAjEv0gVx5quBVsvbomVacsUP4x1MWaGqF6_LdydKS2sDqXEs3bZfrKOZ23UgPHQqpn7oaiNq2-lDG3njS2bu212OR2yCus7r13BWFjrmCfgH6PmQhG0GA1eW6R5-IRkm0xCAU2uNKAGIaWbMbXy9Cf4Vm35ar6zEjdyIR2QQac0NzPITUHylQ.6V5m2Ne2GmyCswfiRDnki0T7EFGp78agoQXYYXUog2o%26dib_tag%3Dse%26keywords%3Ddell%2Blaptop%26qid%3D1723825443%26sr%3D8-252-spons%26sp_csd%3Dd2lkZ2V0TmFtZT1zcF9tdGY%26psc%3D1
130W USB C Charger for Dell 130W USB C Laptop Charger: Dell XPS 15 15 9500 9510 9530 9500 XPS 17 9700 9710 Precision 3480 3580 5530 2in1 5550 5560 5750 Latitude 5401 5411 5501 5511 5520 Power Cord,32,4.4 out of 5 stars,,https://www.amazon.com/sspa/click?ie=UTF8&spc=MTo2ODU2NDI5NTgxMDYyNzQ5OjE3MjM4MjU0NDM6c3BfYnRmOjMwMDM0MzQ4MTEyOTAwMjo6MDo6&url=%2F130W-USB-Charger-Dell-Laptop%2Fdp%2FB0C9M3LY72%2Fref%3Dsr_1_261_sspa%3Fdib%3DeyJ2IjoiMSJ9.S970BMxYfhC0EhGBEzhG_FXqxwYDH4pozVKzO9BpjDR1G6rEaOGMyHAjEv0gVx5quBVsvbomVacsUP4x1MWaGqF6_LdydKS2sDqXEs3bZfrKOZ23UgPHQqpn7oaiNq2-lDG3njS2bu212OR2yCus7r13BWFjrmCfgH6PmQhG0GA1eW6R5-IRkm0xCAU2uNKAGIaWbMbXy9Cf4Vm35ar6zEjdyIR2QQac0NzPITUHylQ.6V5m2Ne2GmyCswfiRDnki0T7EFGp78agoQXYYXUog2o%26dib_tag%3Dse%26keywords%3Ddell%2Blaptop%26qid%3D1723825443%26sr%3D8-261-spons%26sp_csd%3Dd2lkZ2V0TmFtZT1zcF9idGY%26psc%3D1
130W Dell Laptop Charger USB C Adapter for Dell XPS 15 17 9520 9510 9500 9710 Dell Precision 3560 3571 5520 5560 5570 3561 Dell Latitude 5511 5420 7410 7310 7210 9410 HA130PM170 DA130PM170 Power Cord,19,4.1 out of 5 stars,,https://www.amazon.com/sspa/click?ie=UTF8&spc=MTo2ODU2NDI5NTgxMDYyNzQ5OjE3MjM4MjU0NDM6c3BfYnRmOjMwMDAyNzIyMzYyODQwMjo6MDo6&url=%2F9520-9510-Precision-Latitude-HA130PM170-DA130PM170%2Fdp%2FB0C49FL7TM%2Fref%3Dsr_1_262_sspa%3Fdib%3DeyJ2IjoiMSJ9.S970BMxYfhC0EhGBEzhG_FXqxwYDH4pozVKzO9BpjDR1G6rEaOGMyHAjEv0gVx5quBVsvbomVacsUP4x1MWaGqF6_LdydKS2sDqXEs3bZfrKOZ23UgPHQqpn7oaiNq2-lDG3njS2bu212OR2yCus7r13BWFjrmCfgH6PmQhG0GA1eW6R5-IRkm0xCAU2uNKAGIaWbMbXy9Cf4Vm35ar6zEjdyIR2QQac0NzPITUHylQ.6V5m2Ne2GmyCswfiRDnki0T7EFGp78agoQXYYXUog2o%26dib_tag%3Dse%26keywords%3Ddell%2Blaptop%26qid%3D1723825443%26sr%3D8-262-spons%26sp_csd%3Dd2lkZ2V0TmFtZT1zcF9idGY%26psc%3D1
"USB C Docking Station Hub (13 -in-1) with 2 X 4K HDMI, Ethernet, VGA,Audio, USB3.0 TF/SD Dongle Docking Station Compatible for MacBook iPad Pro Dell Hp Lenovo",42,3.7 out of 5 stars,,https://www.amazon.com/sspa/click?ie=UTF8&spc=MTo2MDY0ODc1MTAzMzAyMjA3OjE3MjM4MjU0NDk6c3BfYXRmX25leHQ6MjAwMTU0MzkwNzYxNDk4OjowOjo&url=%2FDocking-Station-Ethernet-Compatible-MacBook%2Fdp%2FB0BY8NW57B%2Fref%3Dsr_1_257_sspa%3Fdib%3DeyJ2IjoiMSJ9.EVEODPWKbhiWVcnW5eJGkL5qhANBaSGwJy7y7kcZwUpRUjKBNzpJovhmYt_HiAz0Gdq3VL2XZR46Z9jl9FXvXzo-94zfI2El18lNWKud4Pm9T6SPDKMISIAVq5dUXmNbhpAaoHz81_PljwB5QWHYsKiNmmRmrkhLUI84pRbyb_x6lmro5myiziPMVBtAb_GpsXynGZXGLyy128rWAXejUM5XTukRiE5_F7fQfkJAYZM.Er0lWUtO6GJBXrFr0Gdh-RSv7xQVZRKWQAJEeRvFGWs%26dib_tag%3Dse%26keywords%3Ddell%2Blaptop%26qid%3D1723825449%26sr%3D8-257-spons%26sp_csd%3Dd2lkZ2V0TmFtZT1zcF9hdGZfbmV4dA%26psc%3D1
130W 90W AC Charger for Dell OptiPlex 3000 3020 3040 3050 3060 3070 3080 5000 5050 5060 5070 5080 5090 7000 7010 7040 7050 7060 7070 7080 7090 9020 Micro Desktop Vostro 3052 3055 5450 5460 All-in-One,29,,,https://www.amazon.com/sspa/click?ie=UTF8&spc=MTo2MDY0ODc1MTAzMzAyMjA3OjE3MjM4MjU0NDk6c3BfYXRmX25leHQ6MzAwMzU1MjI4NjU3NzAyOjowOjo&url=%2FCharger-OptiPlex-Micro-Desktop-Vostro%2Fdp%2FB0D9BSKN5D%2Fref%3Dsr_1_258_sspa%3Fdib%3DeyJ2IjoiMSJ9.EVEODPWKbhiWVcnW5eJGkL5qhANBaSGwJy7y7kcZwUpRUjKBNzpJovhmYt_HiAz0Gdq3VL2XZR46Z9jl9FXvXzo-94zfI2El18lNWKud4Pm9T6SPDKMISIAVq5dUXmNbhpAaoHz81_PljwB5QWHYsKiNmmRmrkhLUI84pRbyb_x6lmro5myiziPMVBtAb_GpsXynGZXGLyy128rWAXejUM5XTukRiE5_F7fQfkJAYZM.Er0lWUtO6GJBXrFr0Gdh-RSv7xQVZRKWQAJEeRvFGWs%26dib_tag%3Dse%26keywords%3Ddell%2Blaptop%26qid%3D1723825449%26sr%3D8-258-spons%26sp_csd%3Dd2lkZ2V0TmFtZT1zcF9hdGZfbmV4dA%26psc%3D1
Origin Storage DELL D6000 USB 3.0 (3.1 GEN 1),117,,,https://www.amazon.com/sspa/click?ie=UTF8&spc=MTo2MDY0ODc1MTAzMzAyMjA3OjE3MjM4MjU0NDk6c3BfbXRmOjMwMDMyNjA3NzM5NjMwMjo6MDo6&url=%2FOrigin-Storage-DELL-D6000-USB%2Fdp%2FB07QRSJ4Q4%2Fref%3Dsr_1_267_sspa%3Fdib%3DeyJ2IjoiMSJ9.EVEODPWKbhiWVcnW5eJGkL5qhANBaSGwJy7y7kcZwUpRUjKBNzpJovhmYt_HiAz0Gdq3VL2XZR46Z9jl9FXvXzo-94zfI2El18lNWKud4Pm9T6SPDKMISIAVq5dUXmNbhpAaoHz81_PljwB5QWHYsKiNmmRmrkhLUI84pRbyb_x6lmro5myiziPMVBtAb_GpsXynGZXGLyy128rWAXejUM5XTukRiE5_F7fQfkJAYZM.Er0lWUtO6GJBXrFr0Gdh-RSv7xQVZRKWQAJEeRvFGWs%26dib_tag%3Dse%26keywords%3Ddell%2Blaptop%26qid%3D1723825449%26sr%3D8-267-spons%26sp_csd%3Dd2lkZ2V0TmFtZT1zcF9tdGY%26psc%3D1
90W AC Power Charger Fit for Dell Latitude E6400 E6410 E6420 E6430 E6440 E6500 E6510 E6520 E6530 E7240 E7440 5401 5501 5591 5580 e6420 19.5v 4.62a DA90PM130 Laptop Power Supply Adapter Cord.,24,5.0 out of 5 stars,,https://www.amazon.com/sspa/click?ie=UTF8&spc=MTo2MDY0ODc1MTAzMzAyMjA3OjE3MjM4MjU0NDk6c3BfbXRmOjIwMDAxNjI0NjEwMTI1MTo6MDo6&url=%2FCharger-Inspiron-Laptop-Adapter-Cord-Connector%2Fdp%2FB07X4LGZ2X%2Fref%3Dsr_1_268_sspa%3Fdib%3DeyJ2IjoiMSJ9.EVEODPWKbhiWVcnW5eJGkL5qhANBaSGwJy7y7kcZwUpRUjKBNzpJovhmYt_HiAz0Gdq3VL2XZR46Z9jl9FXvXzo-94zfI2El18lNWKud4Pm9T6SPDKMISIAVq5dUXmNbhpAaoHz81_PljwB5QWHYsKiNmmRmrkhLUI84pRbyb_x6lmro5myiziPMVBtAb_GpsXynGZXGLyy128rWAXejUM5XTukRiE5_F7fQfkJAYZM.Er0lWUtO6GJBXrFr0Gdh-RSv7xQVZRKWQAJEeRvFGWs%26dib_tag%3Dse%26keywords%3Ddell%2Blaptop%26qid%3D1723825449%26sr%3D8-268-spons%26sp_csd%3Dd2lkZ2V0TmFtZT1zcF9tdGY%26psc%3D1
Charger for Dell 130W USB C Laptop Charger for XPS 15 2-in-1 9575 9500 XPS 17 9700 Precision 5530 5550 5750 3660 3551 Latitude 7410 7310 7210 9410 9510 5420 5520 DA130PM170 Power AC Adapter (New),12,4.5 out of 5 stars,,https://www.amazon.com/sspa/click?ie=UTF8&spc=MTo2MDY0ODc1MTAzMzAyMjA3OjE3MjM4MjU0NDk6c3BfYnRmOjMwMDI4NTc3MjE1ODkwMjo6MDo6&url=%2FCharger-Precision-Latitude-DA130PM170-Adapter%2Fdp%2FB0CY7TYSYM%2Fref%3Dsr_1_277_sspa%3Fdib%3DeyJ2IjoiMSJ9.EVEODPWKbhiWVcnW5eJGkL5qhANBaSGwJy7y7kcZwUpRUjKBNzpJovhmYt_HiAz0Gdq3VL2XZR46Z9jl9FXvXzo-94zfI2El18lNWKud4Pm9T6SPDKMISIAVq5dUXmNbhpAaoHz81_PljwB5QWHYsKiNmmRmrkhLUI84pRbyb_x6lmro5myiziPMVBtAb_GpsXynGZXGLyy128rWAXejUM5XTukRiE5_F7fQfkJAYZM.Er0lWUtO6GJBXrFr0Gdh-RSv7xQVZRKWQAJEeRvFGWs%26dib_tag%3Dse%26keywords%3Ddell%2Blaptop%26qid%3D1723825449%26sr%3D8-277-spons%26sp_csd%3Dd2lkZ2V0TmFtZT1zcF9idGY%26psc%3D1
"Protective Case for 11.6"" Dell Chromebook 11 5190 3100 3110/Chromebook 5190 3100 3110 2-in-1 Education/Latitude 11 2-in-1 3190 3189 Education/Inspiron Chromebook 11 2-in-1 3181 Laptop,Galaxy",21,4.4 out of 5 stars,,https://www.amazon.com/sspa/click?ie=UTF8&spc=MTo2MDY0ODc1MTAzMzAyMjA3OjE3MjM4MjU0NDk6c3BfYnRmOjIwMDAwOTUyNzU0MTA1MTo6MDo6&url=%2FAlapmk-Protective-Chromebook-Latitude-Education%2Fdp%2FB07D6JGKGV%2Fref%3Dsr_1_278_sspa%3Fdib%3DeyJ2IjoiMSJ9.EVEODPWKbhiWVcnW5eJGkL5qhANBaSGwJy7y7kcZwUpRUjKBNzpJovhmYt_HiAz0Gdq3VL2XZR46Z9jl9FXvXzo-94zfI2El18lNWKud4Pm9T6SPDKMISIAVq5dUXmNbhpAaoHz81_PljwB5QWHYsKiNmmRmrkhLUI84pRbyb_x6lmro5myiziPMVBtAb_GpsXynGZXGLyy128rWAXejUM5XTukRiE5_F7fQfkJAYZM.Er0lWUtO6GJBXrFr0Gdh-RSv7xQVZRKWQAJEeRvFGWs%26dib_tag%3Dse%26keywords%3Ddell%2Blaptop%26qid%3D1723825449%26sr%3D8-278-spons%26sp_csd%3Dd2lkZ2V0TmFtZT1zcF9idGY%26psc%3D1
